"id","title","area","requirement","rationale","verification","supports_user_requirements","priority","status","owner","source","depends_on","roadmap_target","last_updated"
"TR-001","Supported Python runtime","Platform","The package shall declare and test one supported Python runtime range and reject unsupported interpreters before normal execution.","A clear runtime contract prevents unsupported installations and false compatibility claims.","Build and install release artifacts on every declared Python version; run help, version, initialization, and core lifecycle smoke tests.","UR-013; UR-048","Must","Accepted","Maintainer","pyproject.toml#project; .github/workflows/tests.yml","","0.2.0 / Phase 13","2026-08-16"
"TR-002","Canonical files and rebuildable projections","Persistence","Core Roadmap entities shall have one human-readable versioned Markdown and YAML representation at the stable ID-based path defined by ADR-0010; databases indexes caches and analytics views shall be disposable projections.","Diffable portable canonical storage is the central product constraint while projections provide scalable queries.","Round-trip representative entities and relations; delete corrupt and stale every projection; rebuild from files; compare semantic queries; verify canonical files always win disagreements.","UR-001; UR-002; UR-003; UR-005; UR-037; UR-045; UR-046","Must","Accepted","Maintainer","docs/architecture/adr/0003-canonical-files-and-rebuildable-projections.md; docs/architecture/adr/0010-stable-id-based-canonical-paths.md","","0.2.0 / Phase 5","2026-08-16"
"TR-003","Enforced architecture boundaries","Architecture","Production modules shall follow the documented inward dependency direction enforced by stock Import Linter contracts and narrow namespace/core guards with no migration exceptions.","Enforced boundaries limit coupling and turn the migration into a ratchet.","Run valid and forbidden-import fixtures including layer cycles relative imports aliases TYPE_CHECKING missing dependencies and retired namespaces; verify nonzero failure exits and rejection of any nonempty baseline.","UR-001; UR-002; UR-003","Must","Verified","Maintainer","docs/architecture/adr/0001-pragmatic-hexagonal-architecture.md#enforcement-contract; docs/architecture/refactor-implementation.md#architecture-enforcement; docs/requirements/verification-evidence.json","","0.2.0 / Phase 2","2026-10-06"
"TR-004","Stable CLI contract","CLI","Documented commands options exit-code categories and machine-readable output shall remain compatible within a release line unless a breaking change is approved and documented; incidental human presentation and internal Python imports are not public by default.","Users and scripts depend on predictable declared behavior while internal architecture must remain evolvable.","Exercise documented commands through installed-artifact tests; snapshot command schemas and structured output; require migration notes for approved breaks.","UR-001; UR-002; UR-003; UR-004; UR-008; UR-012; UR-013; UR-016; UR-040","Must","Accepted","Maintainer","docs/architecture/adr/0007-compatibility-and-evolution.md; README.md#quick-start; CHANGELOG.md","","0.2.0 / Phase 1","2026-08-16"
"TR-005","Owned validation and typed failures","Data integrity","Adapters shall validate representation Domain shall enforce single-aggregate invariants Application shall enforce contextual and cross-aggregate rules and inbound adapters shall translate typed failures to stable user-facing behavior.","One owner per rule prevents duplicated policy and framework leakage.","Test valid boundary and invalid CLI configuration frontmatter CSV identifier date enum aggregate and cross-aggregate cases; assert failure category cause redaction exit behavior and no mutation.","UR-001; UR-012; UR-016; UR-017; UR-019; UR-026; UR-042","Must","Accepted","Maintainer","docs/architecture/adr/0006-validation-and-error-ownership.md","","0.2.0 / Phase 4","2026-08-16"
"TR-006","Credential exclusion and redaction","Security","Roadmap shall not store Git or provider credentials and shall not serialize sensitive runtime values into repository data exported output telemetry or logs.","Repository data is commonly committed and shared.","Test legacy credential removal runtime redaction log capture export error behavior and absence of credential keys or persistence on supported platforms.","UR-009; UR-033; UR-039","Must","Accepted","Maintainer","SECURITY.md; docs/architecture/adr/0002-git-owned-synchronization.md","","0.2.0 / Phases 9-11","2026-08-16"
"TR-007","Safe filesystem scope","Security","All user-influenced paths and filenames shall be normalized, validated, and constrained to the intended project scope before file operations.","The CLI must prevent traversal, symlink escape, and unintended overwrite or deletion.","Test traversal, symlink, invalid name, overwrite, permission, temporary-file, and archive edge cases; run the high-severity Bandit gate in CI and use targeted Semgrep reviews for security-sensitive changes.","UR-001; UR-011; UR-014; UR-015; UR-043; UR-044; UR-047","Must","Accepted","Maintainer","SECURITY.md","TR-005","0.2.0 / Phase 5","2026-08-16"
"TR-008","Atomic and recoverable mutations","Persistence","Every mutating use case shall run in an Application-owned unit of work implemented with workspace concurrency control atomic same-filesystem replacement conflict detection and deterministic recovery of interrupted multi-document commits.","Partial writes and concurrent edits can corrupt canonical project data.","Inject interruption after every stage and test concurrent writers external edits disk-full permission loss stale locks rollback or roll-forward and projection failure on every supported OS.","UR-001; UR-011; UR-015; UR-028; UR-037; UR-043; UR-044; UR-047","Must","Accepted","Maintainer","docs/architecture/adr/0005-write-consistency-and-concurrency.md; docs/requirements/verification-evidence.json","TR-002; TR-007","0.2.0 / Phase 5","2026-10-08"
"TR-009","Offline core operation","Reliability","Core entity configuration reporting health recovery and repository-inspection operations shall not require network access or a provider client.","Offline-first behavior is a product promise and Git owns repository transport.","Run core journey tests with network access blocked; verify no Roadmap operation performs hidden fetch pull push or remote entity reconciliation.","UR-005; UR-007; UR-016; UR-017; UR-018; UR-020; UR-025; UR-026; UR-033; UR-040; UR-042; UR-046","Must","Accepted","Maintainer","docs/architecture/adr/0002-git-owned-synchronization.md","TR-002","0.2.0 / Phase 10","2026-08-16"
"TR-010","Boundary failure isolation","Integrations","Filesystem local Git telemetry database and external-command failures shall be translated by their adapters into bounded typed failures without corrupting canonical Roadmap data.","External mechanisms fail independently of local planning rules.","Inject timeout permission malformed output stale data cancellation and process failures; verify typed causal errors redaction canonical readability and deterministic recovery.","UR-007; UR-009; UR-012; UR-029; UR-033; UR-036; UR-037","Must","Accepted","Maintainer","docs/architecture/adr/0001-pragmatic-hexagonal-architecture.md; docs/architecture/adr/0006-validation-and-error-ownership.md","TR-008","0.2.0 / Phase 10","2026-08-16"
"TR-011","Automated quality gate","Quality","Every code change shall pass formatting, linting, type, architecture, security, complexity, dead-code, package, documentation, and automated test gates defined in CI.","A visible failing gate keeps the repository maintainable and reviewable.","Use negative gate tests to prove each policy fails when violated and verify required jobs complete on pull requests.","UR-013; UR-048","Must","Accepted","Maintainer","CONTRIBUTING.md#local-quality-checks; .github/workflows/tests.yml; docs/governance/README.md#quality-gate; docs/requirements/verification-evidence.json","","0.2.0 / Phase 13","2026-10-08"
"TR-012","Cross-platform behavior","Platform","Supported CLI behavior and canonical data shall be portable across every declared operating system without platform-specific import or path failures.","The project targets developer workstations and repository portability.","Run artifact and journey tests on the full OS matrix; include path, lock, newline, encoding, shell, and executable discovery cases.","UR-005; UR-013; UR-029; UR-033; UR-046; UR-047; UR-048","Must","Accepted","Maintainer","pyproject.toml#project; .github/workflows/tests.yml; roadmap/adapters/outbound/persistence/canonical.py","TR-001; TR-002","0.2.0 / Phase 13","2026-08-17"
"TR-013","Deterministic structured output","Interoperability","JSON, CSV, and other machine-readable output shall be syntactically valid, deterministic for equivalent inputs, schema-versioned where persisted, and separated from diagnostics.","Reliable output enables shell pipelines, reporting, and interchange.","Parse emitted formats; validate documented schemas; compare equivalent inputs; test nulls, Unicode, delimiters, errors, empty data, and stdout/stderr separation.","UR-008; UR-018; UR-039; UR-040; UR-041; UR-042","Must","Verified","Maintainer","README.md#quick-start; roadmap/adapters/inbound/cli/output_formatter.py; docs/architecture/refactor-execution-plan.md; docs/requirements/verification-evidence.json","TR-004","0.2.0 / Phase 10","2026-10-06"
"TR-014","Structured observability","Operations","Logs audit events and optional telemetry shall provide correlation and diagnostic context without secrets changes to command results or a second store for canonical history.","Actionable diagnostics shorten recovery while Git history remains the audit source for committed roadmap state.","Capture representative success failure retry and recovery diagnostics; verify severity correlation redaction disabled mode output isolation and no duplication of canonical content.","UR-009; UR-012; UR-039; UR-042; UR-043","Should","Accepted","Maintainer","docs/architecture/adr/0002-git-owned-synchronization.md; docs/architecture/adr/0006-validation-and-error-ownership.md; docs/requirements/verification-evidence.json","TR-006; TR-013","0.2.0 / Phase 10","2026-10-06"
"TR-015","Documentation and release traceability","Delivery","User-visible behavior changes shall update relevant documentation, requirements, migration guidance, and the Unreleased changelog.","Traceability keeps product claims, implementation, and release communication aligned.","Review pull requests for requirement IDs, acceptance evidence, docs, changelog, migrations, and passing link/build checks.","UR-012; UR-013; UR-048","Must","Accepted","Maintainer","CONTRIBUTING.md#release-notes; CHANGELOG.md; docs/requirements/README.md","","0.2.0 / Phase 13","2026-08-16"
"TR-016","Isolated distributable package","Packaging","Release artifacts shall contain the Roadmap package and console entry point without runtime dependencies that shadow its import namespace.","The primary user journey begins with a working installed command.","Build wheel and sdist in a clean job; inspect metadata; install each artifact without the source tree; run help, version, and import smoke tests.","UR-013","Must","Verified","Maintainer","pyproject.toml#project; pyproject.toml#project-scripts; uv.lock; docs/requirements/verification-evidence.json","TR-001; TR-011","0.2.0 / Phase 13","2026-10-06"
"TR-017","Consistent command execution","CLI","Every command shall use common context discovery, error translation, confirmation, dry-run, and exit-code conventions.","Consistent mechanics make a broad CLI learnable and scriptable.","Run contract tests across representative read, write, destructive, local-Git, and repair commands; assert output channel and exit behavior.","UR-001; UR-002; UR-003; UR-012; UR-014; UR-016; UR-017; UR-020; UR-025; UR-026; UR-040","Must","Accepted","Maintainer","roadmap/adapters/inbound/cli/decorators.py; roadmap/adapters/inbound/cli/exception_handler.py; docs/architecture/refactor-execution-plan.md","TR-004; TR-005","0.2.0 / Phase 3","2026-08-16"
"TR-018","Idempotent workspace initialization","Initialization","Workspace discovery and initialization shall be idempotent and dry-runnable, preserve existing canonical data, and reject invalid configuration before creating a destination.","Initialization errors must not destroy the first user experience or prior project data.","Test clean existing partial custom-name explicit-workspace invalid configuration and interrupted initialization; deprecated force interactive and template flags warn without authorizing overwrite or changing the supported plan.","UR-001; UR-014; UR-015; UR-046","Must","Accepted","Maintainer","roadmap/adapters/inbound/cli/init/commands.py; roadmap/application/use_cases/workspace_initialization.py","TR-007; TR-008","0.2.0 / Phase 9","2026-10-06"
"TR-019","Scoped versioned configuration","Configuration","Every configuration key shall declare project user or invocation scope and use a validated versioned schema with explicit defaults typed Bootstrap resolution scoped reset and forward migration; credentials machine paths and Git policy shall not be stored as shared project configuration.","Configuration drift and ambient access affect every journey and can expose sensitive values.","Round-trip every scope; reject invalid cross-scope values; test allowed overrides immutable injection resets migrations redaction and absence of Git or sync credentials in Roadmap configuration.","UR-009; UR-016; UR-033; UR-048; UR-058","Must","Accepted","Maintainer","docs/architecture/adr/0009-configuration-ownership-and-scope.md","TR-005; TR-006","0.2.0 / Phase 9","2026-08-16"
"TR-020","Stable identity and referential integrity","Domain","Every aggregate shall have a stable opaque Roadmap ID and every typed relationship shall persist the complete ID and validate across visible closed archived indexed and externally referenced state; existing IDs remain unchanged and new IDs use UUID4.","Traceability and safe recovery depend on identity that is independent of names paths and providers.","Test legacy and UUID4 IDs collisions ambiguous CLI prefixes rename reassignment close archive restore external references missing targets duplicate links stale indexes and cross-aggregate lookups.","UR-002; UR-003; UR-017; UR-019; UR-021; UR-023; UR-027; UR-028; UR-038; UR-045","Must","Accepted","Maintainer","docs/architecture/adr/0004-domain-boundaries-and-stable-identity.md; docs/architecture/adr/0008-lifecycle-independent-of-storage.md; docs/architecture/adr/0010-stable-id-based-canonical-paths.md","TR-002; TR-005","0.2.0 / Phase 4","2026-08-16"
"TR-021","Valid workflow and retention transitions","Domain","Workflow status and retention lifecycle shall be separate explicit state machines with validated transitions reasons timestamps and idempotent behavior; archive shall not replace workflow status or change canonical path.","Conflating completion retention and storage location corrupts history and query meaning.","Exhaustively test permitted and rejected close reopen archive restore and purge transitions repeated events derived progress visibility stable paths and relationship resolution.","UR-002; UR-020; UR-028","Must","Accepted","Maintainer","docs/architecture/adr/0008-lifecycle-independent-of-storage.md","TR-005; TR-020","0.2.0 / Phase 7","2026-08-16"
"TR-022","Validated dependency graphs","Domain","Dependency relations shall prevent missing targets self-links duplicates and prohibited cycles and shall expose deterministic traversal and critical-path analysis across every retained lifecycle state.","Invalid graphs make scheduling and execution unreliable.","Use property and example tests for graph mutation cycles disconnected nodes archived targets critical paths and large graphs.","UR-021","Should","Accepted","Maintainer","docs/architecture/adr/0004-domain-boundaries-and-stable-identity.md; roadmap/application/use_cases/planning.py","TR-020","0.2.0 / Phases 6-7","2026-08-16"
"TR-023","Durable comments and lifecycle history","Collaboration","Issue comments and lifecycle events shall retain stable authorship timestamps targets ordering and history while committed canonical content remains inspectable through Git.","Context and accountability must survive handoff repository history and archive transitions.","Round-trip comment creation reply listing close archive restore purge corruption and migration cases; verify authorship ordering stable targets and Git-visible canonical diffs.","UR-022; UR-039","Should","Accepted","Maintainer","docs/architecture/adr/0002-git-owned-synchronization.md; docs/architecture/adr/0008-lifecycle-independent-of-storage.md","TR-020","0.2.0 / Phase 7","2026-08-16"
"TR-024","Derived planning aggregates","Planning","Project milestone board and daily views shall derive counts and progress from canonical linked entities using one documented Application-owned calculation policy.","Duplicated or stale progress erodes planning trust.","Reconcile aggregates after create reassignment transition archive restore projection rebuild and manual file edit; test empty overdue partial and stale-index states.","UR-003; UR-004; UR-024; UR-025; UR-026; UR-027; UR-028; UR-037","Should","Accepted","Maintainer","docs/architecture/adr/0003-canonical-files-and-rebuildable-projections.md; docs/architecture/adr/0004-domain-boundaries-and-stable-identity.md","TR-020; TR-021","0.2.0 / Phase 8","2026-08-16"
"TR-025","Safe Git command boundary","Git","Git operations shall use bounded argument arrays, explicit repository scope, timeouts, cancellation, and translated errors without shell injection.","Git is both a core integration and an external failure boundary.","Test dirty trees, missing Git, nested repositories, unusual paths, timeouts, command failure, branch collisions, and cancellation.","UR-023; UR-029; UR-032","Must","Accepted","Maintainer","docs/architecture/adr/0002-git-owned-synchronization.md; roadmap/adapters/inbound/cli/exception_handler.py","TR-007; TR-010","0.2.0 / Phase 10","2026-08-16"
"TR-026","Reversible Git-hook integration","Git","Roadmap-managed Git hooks shall be idempotent, composable with existing hooks, identifiable, configurable, and removable without deleting user content.","Hook installation modifies developer workflows and must be reversible.","Test install/status/config/uninstall with absent, existing, chained, damaged, and repeated hook states on supported platforms.","UR-030; UR-031","Should","Deferred","Maintainer","docs/architecture/adr/0002-git-owned-synchronization.md","TR-025","Post-0.2","2026-08-16"
"TR-027","Deterministic commit reference parsing","Git","Commit parsing shall recognize only documented unambiguous references and apply idempotent mapped transitions.","False positives can change work state from ordinary commit prose.","Use a table of valid, invalid, ambiguous, repeated, Unicode, multiline, revert, merge, and unknown-ID messages.","UR-031","Should","Deferred","Maintainer","docs/architecture/adr/0002-git-owned-synchronization.md","TR-020; TR-021","Post-0.2","2026-08-16"
"TR-028","Git-owned synchronization boundary","Git","Roadmap shall treat canonical repository files as its only synchronized state and shall not implement provider backends baselines three-way entity reconciliation or implicit fetch pull merge rebase or push operations.","One synchronization authority avoids a second distributed-state protocol.","Run collaboration journeys with standard Git and blocked application network access; assert no Roadmap sync configuration checkpoint remote mapping or hidden transport is required.","UR-007; UR-033; UR-034; UR-035; UR-036; UR-039","Must","Accepted","Maintainer","docs/architecture/adr/0002-git-owned-synchronization.md","TR-002; TR-009","0.2.0 / Phase 11","2026-08-16"
"TR-029","Rebuildable derived projections","Persistence","Every database index cache analytics table and materialized view shall be derivable from canonical files detect stale or incompatible state and rebuild idempotently without changing canonical content.","Query performance must not create a competing source of truth.","Delete corrupt truncate age and schema-mismatch every projection; rebuild repeatedly; compare query results and canonical file digests before and after.","UR-037; UR-045","Must","Verified","Maintainer","docs/architecture/adr/0003-canonical-files-and-rebuildable-projections.md; docs/requirements/verification-evidence.json","TR-002; TR-008","0.2.0 / Phase 5","2026-10-06"
"TR-030","Stable lifecycle storage","Persistence","Canonical entity paths shall use the flat collection and complete-ID layout from ADR-0010 and shall not change when title membership workflow status or archive visibility changes.","Mutable business state must not be encoded as a storage address or query index.","Test legacy-layout migration rename reassignment close reopen archive restore and projection rebuild; assert one stable canonical path no duplicates Git-visible content-only changes and retained ID lookup.","UR-002; UR-018; UR-028; UR-037","Must","Accepted","Maintainer","docs/architecture/adr/0008-lifecycle-independent-of-storage.md; docs/architecture/adr/0010-stable-id-based-canonical-paths.md","TR-002; TR-020; TR-021","0.2.0 / Phase 5","2026-08-16"
"TR-031","Explicit external references","Domain","External URLs and identifiers shall be ordinary optional references that never replace Roadmap identity trigger network access or create baseline mapping and reconciliation state.","External context can be useful without introducing a second writable source.","Round-trip add edit remove missing malformed duplicate and archived-reference cases; assert stable Roadmap identity no network calls and no provider-specific domain dependency.","UR-038","Could","Accepted","Maintainer","docs/architecture/adr/0002-git-owned-synchronization.md; docs/architecture/adr/0004-domain-boundaries-and-stable-identity.md","TR-005; TR-020; TR-028","0.2.0 / Phase 7","2026-08-16"
"TR-032","Versioned export and report schemas","Reporting","Export and report formats shall have documented fields, stable identifiers, deterministic ordering, safe overwrite behavior, and schema versions where compatibility requires them.","Exports become downstream interfaces and backup inputs.","Golden-file and parser tests shall cover filters, Unicode, nulls, empty sets, quoting, column selection, schema changes, and file collisions.","UR-008; UR-040; UR-041","Must","Accepted","Maintainer","roadmap/adapters/inbound/cli/data; roadmap/adapters/inbound/cli/output_formatter.py","TR-013; TR-020","0.2.0 / Phase 10","2026-08-16"
"TR-033","Safe diagnostics and repair","Operations","Health, integrity, cleanup, and repair operations shall separate detection from mutation and provide exact findings, stable severity, dry-run, confirmation, recovery, and post-check evidence.","Automated repair is destructive unless its scope and result are auditable.","Test each detector/fixer pair with healthy, damaged, ambiguous, permission-denied, partial-failure, dry-run, and repeated execution cases.","UR-010; UR-012; UR-042; UR-043; UR-044; UR-045","Must","Accepted","Maintainer","roadmap/adapters/inbound/cli/health; roadmap/application/use_cases/health.py; roadmap/adapters/inbound/cli/cleanup.py","TR-005; TR-008; TR-013","0.2.0 / Phase 10","2026-08-16"
"TR-034","Backup, lifecycle, and recovery integrity","Recovery","Backup archive restore purge and transaction-recovery operations shall preserve stable identity path relationships metadata and recoverability through atomic scoped changes.","Recovery features must be more trustworthy than the failure they address.","Run deterministic round-trip and failure-injection tests for all entities nested relations collisions interrupted commits visibility transitions retention purge manual edits and post-recovery health checks.","UR-011; UR-028; UR-044; UR-047","Must","Accepted","Maintainer","docs/architecture/adr/0005-write-consistency-and-concurrency.md; docs/architecture/adr/0008-lifecycle-independent-of-storage.md","TR-008; TR-020; TR-021","0.2.0 / Phase 5","2026-08-16"
"TR-035","Versioned data migration","Compatibility","Every canonical schema shall declare a version and provide explicit idempotent forward migration with preflight recovery guidance and unsupported-future-version rejection; projection schemas shall be rebuildable instead of migrated as authority.","Long-lived repository data outlives individual CLI releases.","Test each supported source version repeated migration partial failure future-version rejection preserved legacy IDs UUID4 creation stable target paths archived metadata duplicate conflicts unknown-field preservation projection rebuild and semantic round-trip.","UR-015; UR-048; UR-058","Must","Verified","Maintainer","docs/architecture/adr/0003-canonical-files-and-rebuildable-projections.md; docs/architecture/adr/0005-write-consistency-and-concurrency.md; docs/architecture/adr/0007-compatibility-and-evolution.md; docs/architecture/adr/0008-lifecycle-independent-of-storage.md; docs/architecture/adr/0010-stable-id-based-canonical-paths.md; docs/requirements/verification-evidence.json","TR-002; TR-008; TR-019","0.2.0 / Phase 9","2026-10-08"
"TR-036","Measured performance envelope","Performance","Interactive and batch journeys shall have documented dataset-size and latency targets and shall avoid unbounded memory filesystem parsing and Git work; normal filtered queries shall use rebuildable projections where measurement justifies them.","Large retained and archived histories must remain predictable for the stated small-team audience.","Benchmark list lookup daily board health dependency projection rebuild and export journeys at defined visible closed and archived entity counts; fail on material regressions.","UR-018; UR-024; UR-027; UR-037; UR-039; UR-042","Should","Accepted","Maintainer","docs/architecture/adr/0003-canonical-files-and-rebuildable-projections.md; docs/architecture/adr/0008-lifecycle-independent-of-storage.md; tests/integration/performance","","0.2.0 / Phase 13","2026-08-16"
"TR-037","Requirement artifact schema","Requirements","User and technical requirements shall use a shared versioned canonical envelope with UUID identity, readable key, type-specific criteria, lifecycle, ownership, content revision and timestamps.","A small coherent schema enables governance without heavyweight tooling.","Validate minimal/complete/invalid/unknown-field documents; preserve body/frontmatter through round trips; detect duplicate UUIDs and readable keys; no evidence is required to create a Draft.","UR-049; UR-050","Should","Accepted","Maintainer","docs/requirements/REQUIREMENTS_AS_ARTIFACTS.md#canonical-storage; docs/planning/0.4.0-plan.md","TR-002; TR-005; TR-020","0.4","2026-10-08"
"TR-038","Requirement repository","Requirements","Explicit requirement use cases shall create, load, update and query canonical requirements through Application-owned ports and the existing transaction/recovery boundary.","Requirements need the same file-first guarantees as other core entities.","Test same-filesystem writes, manual edits, conflict refusal, unknown-field/body preservation, read-only lookup and projection rebuild on supported systems. CSV interchange, requirement archive commands and supersession remain deferred.","UR-049; UR-050","Should","Accepted","Maintainer","docs/requirements/REQUIREMENTS_AS_ARTIFACTS.md#canonical-storage; roadmap/application/ports.py; docs/planning/0.4.0-plan.md","TR-008; TR-035; TR-037","0.4","2026-10-08"
"TR-039","Governed requirement lifecycle","Requirements","Requirement status transitions shall be explicit, validated and attributed; governed approval/verification shall never be inferred solely from linked work state.","Requirements are decisions, not task status aliases.","Exercise every accepted transition and refusal, reacceptance after semantic edits, reasons/actor/time, deferred/rejected eligibility and separation of derived progress from governed status. Actor metadata is not an authorization service.","UR-051; UR-054; UR-063","Should","Accepted","Maintainer","docs/requirements/REQUIREMENTS_AS_ARTIFACTS.md#lifecycle; docs/governance/README.md#requirement-lifecycle; docs/planning/0.4.0-plan.md","TR-021; TR-023; TR-037","0.4","2026-10-08"
"TR-040","Typed traceability graph","Requirements","Typed requirement relations shall have one defined canonical owner, UUID targets and derived reverse discovery, with target-type, duplicate, missing-target and cycle validation.","Typed traceability separates intent, implementation, planning, and evidence.","Test supports/depends-on/implemented-by/project-target/milestone-target/evidence/report links, reverse lookup, unlinking, closed/archived targets, manual broken references and concurrent/failing writes. Supersession and generic graph plugins remain deferred.","UR-052; UR-053","Should","Accepted","Maintainer","docs/requirements/REQUIREMENTS_AS_ARTIFACTS.md#typed-relationships; docs/planning/0.4.0-plan.md","TR-020; TR-022; TR-037","0.4","2026-10-08"
"TR-041","Transactional requirement CSV interchange","Requirements","Requirement CSV export and import shall be deterministic, round-trip supported fields, validate the whole change set, preview conflicts, and commit atomically.","CSV is useful for bulk review but must not become a divergent source of truth.","Export canonical fixtures, re-import unchanged and modified copies, inject invalid and conflicting rows, and verify dry-run and rollback behavior.","UR-055","Should","Deferred","Maintainer","docs/requirements/REQUIREMENTS_AS_ARTIFACTS.md#canonical-storage; docs/requirements/README.md","TR-032; TR-038; TR-040","Post-0.2","2026-08-16"
"TR-042","Traceability and coverage queries","Requirements","Coverage calculations shall use explicit eligible populations and relations and shall expose missing work, evidence, dependencies, and orphan implementation by journey, priority, milestone, and release.","Coverage must reveal gaps rather than reward record count.","Reconcile terminal and versioned JSON classifications to explicit eligible populations for empty/partial/complete/archived/broken graphs; cover planned, implemented, awaiting/stale/failed verification, maintenance justification and deterministic order without fabricated links.","UR-053","Should","Accepted","Maintainer","docs/requirements/REQUIREMENTS_AS_ARTIFACTS.md#traceability-views; docs/planning/0.4.0-plan.md","TR-024; TR-040; TR-013","0.4","2026-10-08"
"TR-043","Verification evidence and audit","Requirements","Requirement verification records shall identify criterion coverage, result, stable location, applicable content revision/commit/artifact, attributed reviewer and time, and preserve stale evidence after edits.","A Verified label without evidence provides false assurance.","Test missing/partial/passing/failing/stale evidence, acceptance-bearing content changes and non-semantic metadata edits; refuse verification without current passing coverage; retain earlier evidence; do not execute arbitrary evidence references or treat file existence as proof.","UR-054; UR-062","Should","Accepted","Maintainer","docs/requirements/REQUIREMENTS_AS_ARTIFACTS.md#lifecycle; docs/planning/0.4.0-plan.md","TR-039; TR-040; TR-049","0.4","2026-10-08"
"TR-044","Requirement schema migration","Requirements","Requirement artifacts and relations shall participate in versioned workspace migration without losing stable IDs, history, evidence, or supersession links.","Requirements are intended to outlive implementation work and releases.","Migrate every supported requirement schema fixture, repeat migrations, interrupt and resume, reject future schemas, and compare semantic graphs before and after.","UR-055; UR-056","Should","Deferred","Maintainer","docs/requirements/REQUIREMENTS_AS_ARTIFACTS.md#delivery-sequence","TR-035; TR-037; TR-038; TR-040; TR-043","Post-0.2","2026-08-16"
"TR-045","Requirements domain architecture fit","Architecture","Before requirement entities are implemented, the planned Domain, Application, and Adapter packages for requirements shall be checked against the existing hexagonal zones in architecture.toml and shall not require a new zone, phase bump, or exception; if they do not fit, an ADR amendment shall be written first.","Adding a new entity family after Phase 13 must not silently reopen the architecture ratchet or bypass enforced dependency direction.","Map the proposed requirements package layout onto architecture.toml zones and rules; run the architecture policy test against a draft fixture before real implementation begins; document the fit or the required ADR amendment.","UR-049","Should","Accepted","Maintainer","architecture.toml; docs/architecture/adr/0001-pragmatic-hexagonal-architecture.md; tests/policy/architecture_checker.py","TR-003; TR-037","0.3","2026-09-02"
"TR-046","Git-hosting link generation","Git","Roadmap shall detect the hosting provider (GitHub, GitLab, Gitea, or unrecognized) from the local Git remote and generate correctly shaped issue, branch, and pull/merge-request URLs through a distinct read-only hosting URL command (recommended `roadmap git url`, pending CLI contract review) using only local repository data, with no network calls and no stored credentials.","Contributors want a ready-to-use link without Roadmap acting as a provider client or holding remote credentials.","Test recognized and unrecognized remote URL shapes (HTTPS and SSH), multiple remotes, missing remotes, and malformed remote configuration; assert no outbound network call and no credential storage. Preserve the current mutating git link contract unless explicitly migrated.","UR-060","Should","Accepted","Maintainer","roadmap/adapters/inbound/cli/git/commands.py; docs/planning/0.4.0-plan.md","TR-006; TR-009; TR-025; TR-028","0.4","2026-10-08"
"TR-047","Gantt and critical-path visualization","Reporting","Schedule presentation shall use one Application-owned calculation, provide terminal and versioned JSON output and select rendering after comparing two approaches without compromising isolated packaging.","Visualizing sequence and slack makes the existing critical-path calculation actionable instead of just numeric output.","Compare terminal/Unicode versus standalone static export before selecting optional exports; assert schedule/slack/critical-path consistency for branching/equal-length/empty/large graphs, missing estimates and cross-scope dependencies; no calendar/capacity claims beyond the declared model.","UR-021; UR-061","Should","Accepted","Maintainer","roadmap/application/use_cases/planning.py; docs/planning/0.4.0-plan.md","TR-016; TR-022; TR-036; TR-054","0.4","2026-10-08"
"TR-048","Requirement identity and readable keys","Requirements","Requirement identity shall follow UUID4 and flat canonical-path ADRs while readable UR/TR keys are separate workspace-unique aliases.","Branch-independent allocation must never silently duplicate or rebind identity.","Test local allocation under lock, concurrent-branch alias collisions, explicit collision resolution preserving UUIDs/links/history, case-stable paths and unambiguous lookup. Final alias allocation/resolution interface is an implementation design gate.","UR-049; UR-050; UR-062","Should","Accepted","Maintainer","docs/planning/0.4.0-plan.md","TR-020; TR-035; TR-037","0.4","2026-10-08"
"TR-049","Acceptance revision and stale verification","Requirements","Requirement acceptance-bearing content shall have an explicit revision/fingerprint to which verification applies; changes preserve history and invalidate current verification.","Evidence must not silently certify changed intent.","Exercise statement/criteria/scope changes, metadata/format-only changes, valid manual edits, conflict/retry and prior-evidence retention; a selected canonicalization policy is tested before implementation.","UR-051; UR-054; UR-062","Should","Accepted","Maintainer","docs/planning/0.4.0-plan.md","TR-008; TR-037","0.4","2026-10-08"
"TR-050","Deterministic next-work policy","Planning","Next-work queries shall apply explicit eligibility, ordering, stable tie-breaking and explanation policies with an injected planning time and no canonical mutation.","Recommendations should expose product choices rather than hide them in a score.","Reconcile examples for urgent defects, milestone commitments, deadlines, unmet dependencies, unblocking value, missing estimates, maintenance and ready-to-verify work; policy weights/order require maintainer decision before implementation.","UR-063","Should","Accepted","Maintainer","docs/planning/0.4.0-plan.md","TR-013; TR-024; TR-040; TR-042","0.4","2026-10-08"
"TR-051","Optional requirements adoption contract","Compatibility","Requirements support shall be additive and optional, participate in explicit versioned migration where needed and preserve supported issue-only workflows.","Requirements must not impose ceremony or hidden writes on existing users.","Installed 0.3.1 fixture journeys before/after adoption; absent requirements collection, migration preview/failure/retry, supported future-version rejection and documented downgrade boundary; canonical reads never introduce files.","UR-064","Should","Accepted","Maintainer","docs/planning/0.4.0-plan.md","TR-008; TR-016; TR-035; TR-037","0.4","2026-10-08"
"TR-052","Self-hosted development evidence","Governance","Roadmap release work and dogfooding observations shall be captured through the installed CLI in version-controlled canonical work items, with reproducible release-review evidence.","Real workflow friction is development input rather than an anecdote or coverage statistic.","Audit work-item links, installed version, observations and dispositions; candidate tests use copies; retain historical workspace IDs and migration evidence; verify one authoritative requirements-store cutover and a self-hosted release journey.","UR-065","Should","Accepted","Maintainer","docs/planning/0.4.0-plan.md","TR-013; TR-016; TR-035; TR-040; TR-043","0.4","2026-10-08"
"TR-053","Explicit external backlog disposition","Governance","Baseline GitHub reports shall map to local work items by repository-qualified URL; remote disposition shall be a separate explicit gh action with auditable retry and state verification.","Local and GitHub writes cannot form one atomic transaction or imply provider synchronization.","Verify baseline completeness/uniqueness, reconciliation of existing IDs, exact repository/number identity, completed versus not-planned rationale, failed remote actions and final remote-state audit. Preserve closure evidence locally; no automatic sync or local-done-equals-remote-closed assumption.","UR-066","Should","Accepted","Maintainer","docs/planning/0.4.0-plan.md","TR-009; TR-013; TR-040; TR-052","0.4","2026-10-08"
"TR-054","Dependency schedule semantics","Planning","One Application-owned dependency schedule shall calculate earliest/latest starts and finishes, all critical paths and slack under explicit unlimited-parallelism and planning-time assumptions.","Longest path alone is not a complete schedule or resource forecast.","Test fork/join/equal critical paths, dependency cycles, outside-scope predecessors, absent estimates, explicit defaults, UTC continuous-hour planning, deadlines and deterministic tie ordering; no silent four-hour fallback or assignee-capacity forecast.","UR-061","Should","Accepted","Maintainer","docs/planning/0.4.0-plan.md","TR-005; TR-022; TR-024; TR-036","0.4","2026-10-08"
"TR-055","Two-clone completion correctness","Collaboration","Git-authored canonical completion shall be visible on the first relevant read after pull through projection freshness handling without additional canonical mutations.","Git collaboration must carry completed work, not just code.","Installed-package two-clone close/commit/merge/pull; stale/missing projection; detail/list/planning agreement; conflicts and resolved retry; identity/history/context preservation.","UR-067","Should","Accepted","Maintainer","docs/requirements/proposals/collaboration-completion-after-pull.md; docs/planning/0.4.0-plan.md","TR-013; TR-028; TR-035","0.4","2026-10-08"
"TR-056","Bounded external issue ingestion","Import","Explicit GitHub ingestion shall use gh extraction and an Application-owned validated write plan with source provenance, identity matching, preview, idempotence and recovery.","Complete repeatable import supports dogfooding without two writable authorities.","Selected/missing/invalid records; paginated comments/timeline; original attribution; existing legacy mapping; unchanged retry; changed source revisions; preserved local fields; concurrent edits; partial extraction and interrupted writes; no credential persistence or network on ordinary core reads.","UR-068","Should","Accepted","Maintainer","docs/requirements/proposals/collaboration-completion-after-pull.md; docs/planning/0.4.0-plan.md","TR-008; TR-009; TR-013; TR-020; TR-028","0.4","2026-10-08"
"TR-057","External closure delivery correctness","Collaboration","GitHub-only closure shall become an attributable canonical repository change through an explicitly defined acquisition and commit path before the promised pull can expose local completion.","A remote tracker mutation is not itself a Git repository change.","Review ownership/timing and conflicting/reopened-state policy; prove two-clone delivery, source identity, idempotent retry, failed acquisition/commit visibility, preserved local context and separation from requirement verification.","UR-069","Should","Accepted","Maintainer","docs/requirements/proposals/collaboration-completion-after-pull.md; docs/planning/0.4.0-plan.md","TR-055; TR-056","0.5","2026-10-08"
"TR-058","Committed outbound GitHub closure publication","Publication","Application shall plan closures from an immutable Git snapshot through a narrow source port and publish through an independent gh adapter, wired by Bootstrap and invoked by explicit CLI or default-branch Action.","One-way publication supports dogfooding while preserving Git authority and independent adapters.","Test uncommitted exclusion; committed reopen exclusion; offline preview; malformed/duplicate targets; exact remote identity and PR rejection; pagination; evidence-post/close interruption and retry; bounded failures; no local receipts; workflow permissions/concurrency and live post-merge proof.","UR-070","Should","Accepted","Maintainer","docs/architecture/adr/0013-publish-committed-github-closures.md","TR-013; TR-020; TR-028","0.4","2026-10-08"
