"id","journey_id","journey","stage","title","persona","requirement","acceptance_criteria","depends_on","priority","status","owner","source","linked_work_items","roadmap_target","last_updated"
"UR-001","J-01","Adopt and initialize","Outcome","Initialize a repository","Developer","The CLI shall initialize a repository-local Roadmap workspace with the files and directories needed to begin planning work.","From a valid repository, initialization creates a usable workspace; invalid input returns actionable guidance; no partial workspace remains after failure.","UR-013","Must","Accepted","Maintainer","README.md#quick-start; roadmap/adapters/inbound/cli/init/commands.py","","0.2.0 / Phase 9","2026-08-16"
"UR-002","J-02","Capture and triage work","Outcome","Manage issues","Developer or project maintainer","The CLI shall support the complete issue lifecycle from capture through archival while preserving identity and history.","A user can create, find, inspect, prioritize, assign, update, progress, close, archive, and restore an issue; close and archive preserve its stable ID, path, workflow history, and relationships.","UR-001","Must","Accepted","Maintainer","README.md#quick-start; docs/architecture/adr/0004-domain-boundaries-and-stable-identity.md; docs/architecture/adr/0008-lifecycle-independent-of-storage.md; docs/architecture/adr/0010-stable-id-based-canonical-paths.md","","0.2.0 / Phases 6-7","2026-08-16"
"UR-003","J-04","Plan delivery","Outcome","Plan with projects and milestones","Project maintainer","The CLI shall organize work into projects and milestones that communicate scope, sequence, due dates, and progress.","A maintainer can establish a project and milestone, assign issues by stable ID, inspect scope and derived progress, and close or archive planning artifacts without losing traceability.","UR-001","Must","Accepted","Maintainer","README.md#milestone-planning; docs/NAMING_CONVENTIONS.md; docs/architecture/adr/0004-domain-boundaries-and-stable-identity.md","","0.2.0 / Phase 8","2026-08-16"
"UR-004","J-03","Execute daily work","Outcome","See and advance current priorities","Developer","The CLI shall help a developer select the most relevant work and advance it through a visible workflow.","The daily view identifies current, overdue, and high-priority work; the developer can start, update, block, review, and complete an item without losing context.","UR-002","Should","Accepted","Maintainer","README.md#quick-start; roadmap/adapters/inbound/cli/today.py; roadmap/adapters/inbound/cli/issues","","0.2.0 / Phase 10","2026-08-16"
"UR-005","J-01","Adopt and initialize","Invariant","Work offline with portable data","Developer","Users shall be able to read and manage core project data without a network connection or proprietary service.","Core issue, milestone, project, configuration, reporting, health, and recovery operations work without network access; canonical data remains human-readable and version-controllable.","UR-001","Must","Accepted","Maintainer","README.md#what-it-does; docs/architecture/adr/0002-git-owned-synchronization.md; docs/architecture/adr/0003-canonical-files-and-rebuildable-projections.md","","0.2.0 / Phase 5","2026-08-16"
"UR-006","J-05","Collaborate through Git","Outcome","Automate status from Git activity","Developer","The CLI shall connect Roadmap work to branches and recognized commit activity through explicit, reversible Git integration.","A user can set up integration, link work to a branch, apply a documented commit transition, inspect status, and remove automation without corrupting project data or unrelated hooks.","UR-002","Should","Deferred","Maintainer","README.md#git-integration; docs/architecture/adr/0002-git-owned-synchronization.md; roadmap/adapters/inbound/cli/git","","Post-0.2","2026-08-16"
"UR-007","J-05","Collaborate through Git","Outcome","Share canonical roadmap state through Git","Small development team","Users shall be able to collaborate on Roadmap state through ordinary Git workflows without configuring or running a Roadmap-managed synchronization backend.","Canonical roadmap files can be committed, fetched, merged or rebased, conflict-resolved, and pushed with standard Git; Roadmap performs no hidden network synchronization and reads the resulting repository state.","UR-001; UR-005","Must","Accepted","Maintainer","docs/architecture/adr/0002-git-owned-synchronization.md; docs/architecture/adr/0003-canonical-files-and-rebuildable-projections.md","","0.2.0 / Phases 10-11","2026-08-16"
"UR-008","J-07","Report and automate","Outcome","Use human and machine-readable output","Developer or automation","The CLI shall expose stable human-readable and machine-readable output suitable for terminals, scripts, exports, and stakeholder reports.","Supported commands produce documented rich, plain, JSON, CSV, or Markdown output; machine-readable stdout parses cleanly and contains no presentation noise.","UR-001","Must","Verified","Maintainer","README.md#quick-start; docs/architecture/refactor-execution-plan.md; roadmap/adapters/inbound/cli/output_formatter.py; docs/requirements/verification-evidence.json","","0.2.0 / Phase 10","2026-10-06"
"UR-009","J-09","Configure and evolve","Security","Exclude credentials and sensitive data","Project maintainer","The CLI shall keep credentials and sensitive values out of repository data, command output, and routine logs.","Roadmap stores no Git or provider credentials and removes legacy credential configuration; sensitive runtime values are never serialized and output and logs are redacted.","UR-001","Must","Accepted","Maintainer","README.md#collaborating-through-git; SECURITY.md; docs/architecture/adr/0002-git-owned-synchronization.md","","0.2.0 / Phases 9-11","2026-08-16"
"UR-010","J-08","Diagnose and recover","Outcome","Diagnose project health","Project maintainer","The CLI shall identify invalid configuration, malformed entities, broken links, naming problems, dependency faults, and storage inconsistencies.","Health results identify the affected entity, severity, evidence, and corrective action and offer stable exit codes or structured output for automation.","UR-001","Should","Accepted","Maintainer","roadmap/adapters/inbound/cli/health; roadmap/application/use_cases/health.py; docs/NAMING_CONVENTIONS.md#automated-fix","","0.2.0 / Phase 10","2026-08-16"
"UR-011","J-08","Diagnose and recover","Recovery","Recover from destructive changes","Project maintainer","The CLI shall provide confirmation, dry-run, backup, transaction recovery, archive, restore, or rollback safeguards appropriate to destructive operations.","A maintainer can preview risk, cancel safely, recover a complete old or new canonical state after interruption, and verify that identity and relationships remain intact.","UR-001","Must","Accepted","Maintainer","docs/architecture/adr/0005-write-consistency-and-concurrency.md; docs/architecture/adr/0008-lifecycle-independent-of-storage.md","","0.2.0 / Phase 5","2026-08-16"
"UR-012","J-08","Diagnose and recover","Failure","Understand and act on failures","CLI user","The CLI shall return concise, actionable errors and a non-success exit status when an operation cannot be completed.","Validation, filesystem, local Git, configuration, conflict, and data-integrity failures identify what failed, what changed, and the safest next action without an unhandled traceback in normal mode.","UR-001","Must","Accepted","Maintainer","roadmap/adapters/inbound/cli/exception_handler.py; CONTRIBUTING.md#coding-guidelines","","0.2.0 / Phase 4","2026-08-16"
"UR-013","J-01","Adopt and initialize","Install","Install and verify the CLI","Prospective user","A supported user shall be able to install the published package and invoke help and version commands without repository-specific environment workarounds.","A clean supported environment installs the release artifact; `roadmap --help` and `roadmap --version` exit successfully; the reported version matches package metadata.","","Must","Verified","Maintainer","README.md#installation; pyproject.toml#project; pyproject.toml#project-scripts; docs/requirements/verification-evidence.json","","0.2.0 / Phase 13","2026-10-06"
"UR-014","J-01","Adopt and initialize","Preview","Preview initialization","Developer","A user shall be able to preview initialization choices and filesystem changes before modifying a repository.","Dry-run reports the intended workspace and initial project actions and creates or changes no files; deprecated template interactive and force controls warn without changing the supported plan.","UR-013","Should","Accepted","Maintainer","roadmap/adapters/inbound/cli/init/commands.py","","0.2.0 / Phase 9","2026-10-06"
"UR-015","J-01","Adopt and initialize","Re-enter","Open or safely reinitialize a workspace","Developer","The CLI shall detect an existing workspace and either open it unchanged or require explicit intent before reinitialization or overwrite.","Normal invocation preserves existing data; force or migration paths display impact, create recovery evidence, and produce a valid workspace or restore the prior state.","UR-001","Must","Accepted","Maintainer","roadmap/adapters/inbound/cli/init/commands.py; roadmap/application/use_cases/workspace_initialization.py","","0.2.0 / Phase 9","2026-08-16"
"UR-016","J-09","Configure and evolve","Configure","Inspect and change configuration","Project maintainer","A maintainer shall be able to view validate set and reset supported configuration values within their declared project user or invocation scope.","Valid changes persist in the correct scope and affect subsequent commands; invalid keys values or scopes are rejected; credentials and machine-specific runtime values are never written to project configuration.","UR-001","Must","Accepted","Maintainer","docs/architecture/adr/0009-configuration-ownership-and-scope.md","","0.2.0 / Phase 9","2026-08-16"
"UR-017","J-02","Capture and triage work","Capture","Create a complete issue","Contributor","A contributor shall be able to capture a work item with title description type priority assignee milestone labels estimate and relationships as applicable.","The issue receives a complete stable Roadmap ID and timestamps; supplied fields round-trip; invalid references are rejected; omitted optional fields receive documented defaults.","UR-001","Must","Accepted","Maintainer","docs/architecture/adr/0004-domain-boundaries-and-stable-identity.md; docs/architecture/adr/0010-stable-id-based-canonical-paths.md","","0.2.0 / Phase 7","2026-08-16"
"UR-018","J-02","Capture and triage work","Discover","Find and inspect issues","Contributor or maintainer","Users shall be able to list, filter, search, sort, select columns, and view details for open, closed, backlog, blocked, overdue, assigned, and archived work.","Queries use explicit workflow and lifecycle scope; empty results are explicit; stable-ID lookup resolves every retained issue and detail views include relationships and ordinary external references when requested.","UR-017","Must","Accepted","Maintainer","docs/architecture/adr/0003-canonical-files-and-rebuildable-projections.md; docs/architecture/adr/0008-lifecycle-independent-of-storage.md","","0.2.0 / Phase 6","2026-08-16"
"UR-019","J-02","Capture and triage work","Triage","Prioritize, assign, and organize an issue","Project maintainer","A maintainer shall be able to update issue metadata, assign ownership, and move work between backlog and milestones with a recorded reason.","The intended issue changes once; invalid assignees or milestones are rejected; related milestone and project views reconcile after the change.","UR-017","Must","Accepted","Maintainer","roadmap/adapters/inbound/cli/issues/update.py; roadmap/adapters/inbound/cli/milestones/assign.py","","0.2.0 / Phase 7","2026-08-16"
"UR-020","J-03","Execute daily work","Advance","Manage workflow state and progress","Developer","A developer shall be able to start, progress, block, unblock, move to review, and close an assigned issue using valid state transitions.","Each transition updates status, progress, timestamps, and reason consistently; invalid transitions fail without mutation; closed work appears in completion views.","UR-017","Must","Accepted","Maintainer","roadmap/adapters/inbound/cli/issues/start.py; roadmap/adapters/inbound/cli/issues/progress.py; roadmap/adapters/inbound/cli/issues/block.py; roadmap/adapters/inbound/cli/issues/close.py","","0.2.0 / Phase 7","2026-08-16"
"UR-021","J-03","Execute daily work","Sequence","Manage dependencies and critical path","Developer or planner","Users shall be able to add, remove, replace, inspect, and analyze issue dependencies without creating invalid graphs.","Missing targets, self-links, duplicates, and prohibited cycles are rejected; blocking state is visible; critical-path output explains the calculated sequence.","UR-017","Should","Accepted","Maintainer","roadmap/adapters/inbound/cli/issues/deps.py; roadmap/adapters/inbound/cli/analysis/commands.py; roadmap/application/use_cases/planning.py","","0.2.0 / Phases 6-7","2026-08-16"
"UR-022","J-03","Execute daily work","Collaborate","Discuss issue work in context","Contributor","Users shall be able to add and list comments attached to an issue.","Comments retain stable identity, author, issue target, timestamps, ordering, and optional reply relationships; malformed comment data is diagnosed without corrupting the issue.","UR-017","Should","Accepted","Maintainer","roadmap/adapters/inbound/cli/issues/comment.py; roadmap/domain/types.py","","0.2.0 / Phase 7","2026-08-16"
"UR-023","J-03","Execute daily work","Hand off","Preserve implementation context","Developer","A developer shall be able to connect an issue to a local branch and record ordinary implementation, external-reference, and verification context so another contributor can resume it.","The issue detail view exposes retained context by stable ID; an external URL or identifier remains inert canonical content and triggers no provider operation.","UR-017","Should","Accepted","Maintainer","roadmap/adapters/inbound/cli/git/commands.py; docs/architecture/adr/0002-git-owned-synchronization.md","","0.2.0 / Phases 7 and 10","2026-08-16"
"UR-024","J-03","Execute daily work","Focus","Review a daily work summary","Developer","A developer shall be able to see assigned in-progress, overdue, high-priority, and recently completed work for the upcoming milestone.","The summary uses the configured identity and next milestone, avoids unrelated work, explains empty states, and offers a verbose view when needed.","UR-017","Should","Accepted","Maintainer","roadmap/adapters/inbound/cli/today.py; docs/architecture/refactor-execution-plan.md","","0.2.0 / Phase 10","2026-08-16"
"UR-025","J-04","Plan delivery","Establish","Create and maintain a project","Project maintainer","A maintainer shall be able to create, inspect, update, close, archive, restore, and delete a top-level project.","Project identity and repository metadata persist; destructive actions require appropriate confirmation; linked milestones remain traceable through close, archive, and restore.","UR-001","Must","Accepted","Maintainer","roadmap/adapters/inbound/cli/projects","","0.2.0 / Phase 8","2026-08-16"
"UR-026","J-04","Plan delivery","Schedule","Create and maintain a milestone","Project maintainer","A maintainer shall be able to create, inspect, update, and assign a consistently named milestone with description, due date, and optional project.","Naming and dates validate; the milestone has stable identity; assignment is visible from both issue and milestone views.","UR-001","Must","Accepted","Maintainer","roadmap/adapters/inbound/cli/milestones/create.py; docs/NAMING_CONVENTIONS.md","","0.2.0 / Phase 8","2026-08-16"
"UR-027","J-04","Plan delivery","Monitor","Review milestone scope and progress","Project maintainer or team","Users shall be able to inspect milestone scope in list, detail, board, and recalculated progress views.","Counts and progress derive from current linked issues; board columns reflect workflow state; empty and overdue milestones are explicit.","UR-026; UR-017","Should","Accepted","Maintainer","roadmap/adapters/inbound/cli/milestones/kanban.py; roadmap/adapters/inbound/cli/milestones/recalculate.py; roadmap/adapters/inbound/cli/milestones/view.py","","0.2.0 / Phase 8","2026-08-16"
"UR-028","J-04","Plan delivery","Complete","Close and retain delivery history","Project maintainer","A maintainer shall be able to close, archive, restore, or explicitly purge projects and milestones with clear effects on linked work.","Close preserves workflow history; archive changes visibility without changing status or canonical path; restore reverses visibility without duplication; purge requires explicit confirmation and reports linked-entity impact.","UR-025; UR-026","Must","Accepted","Maintainer","docs/architecture/adr/0008-lifecycle-independent-of-storage.md","","0.2.0 / Phase 8","2026-08-16"
"UR-029","J-05","Collaborate through Git","Connect","Inspect local Git context","Developer","A developer shall be able to inspect repository, current branch, and issue-to-branch context without giving Roadmap remote credentials or installing hooks.","Inspection detects supported local repository context, works with network access blocked, distinguishes available and unavailable state, and gives a safe next action without mutation.","UR-001","Should","Accepted","Maintainer","roadmap/adapters/inbound/cli/git/commands.py; roadmap/adapters/inbound/cli/git/commands.py","","0.2.0 / Phase 10","2026-08-16"
"UR-030","J-05","Collaborate through Git","Automate","Manage Git hooks reversibly","Developer","A developer shall be able to preview, install, configure, inspect, and uninstall Roadmap Git hooks without overwriting unrelated hook behavior.","Repeated install is idempotent; existing hooks are preserved or composed; status reports exact installation state; uninstall removes only Roadmap-managed content.","UR-029","Should","Deferred","Maintainer","docs/architecture/refactor-execution-plan.md; docs/architecture/adr/0002-git-owned-synchronization.md","","Post-0.2","2026-08-16"
"UR-031","J-05","Collaborate through Git","Apply","Update work from commit messages","Developer","Recognized commit references shall apply only documented issue transitions and shall ignore unrelated text.","Valid references identify one issue and transition; malformed, ambiguous, or unknown references report or safely skip; repeated processing is idempotent.","UR-030; UR-017","Should","Deferred","Maintainer","docs/architecture/adr/0002-git-owned-synchronization.md","","Post-0.2","2026-08-16"
"UR-032","J-05","Collaborate through Git","Branch","Create and link an issue branch","Developer","A developer shall be able to create a valid branch for an issue, optionally check it out, and link an existing current branch.","Dirty-tree and branch-collision risks are reported; generated names are safe; force behavior is explicit; subsequent status and issue views show the link.","UR-029; UR-017","Should","Accepted","Maintainer","roadmap/adapters/inbound/cli/git/commands.py; docs/architecture/adr/0002-git-owned-synchronization.md","","0.2.0 / Phase 10","2026-08-16"
"UR-033","J-05","Collaborate through Git","Configure","Use repository-owned Git configuration","Developer","A user shall be able to use Roadmap in an existing Git worktree without selecting a Roadmap sync backend or giving Roadmap remote credentials.","Roadmap discovers repository context needed for local features while Git remains responsible for remotes and authentication; no provider secret is written to any Roadmap configuration scope.","UR-001; UR-009","Must","Accepted","Maintainer","docs/architecture/adr/0002-git-owned-synchronization.md; docs/architecture/adr/0009-configuration-ownership-and-scope.md","","0.2.0 / Phases 10-11","2026-08-16"
"UR-034","J-05","Collaborate through Git","Preview","Review roadmap changes with Git","Developer","A user shall be able to inspect Roadmap changes as ordinary human-readable Git diffs before committing them.","Canonical file changes are deterministic and reviewable with standard Git tools; preview requires no Roadmap baseline or remote API call.","UR-007","Must","Accepted","Maintainer","docs/architecture/adr/0002-git-owned-synchronization.md; docs/architecture/adr/0003-canonical-files-and-rebuildable-projections.md","","0.2.0 / Phase 10","2026-08-16"
"UR-035","J-05","Collaborate through Git","Transfer","Exchange roadmap changes with ordinary Git","Developer or small team","A user shall be able to exchange committed Roadmap changes with collaborators using standard Git fetch pull merge or rebase and push workflows.","After Git updates the working tree Roadmap reads the canonical result and rebuilds stale derived state; no Roadmap sync command or provider mapping is required.","UR-007; UR-034","Must","Accepted","Maintainer","docs/architecture/adr/0002-git-owned-synchronization.md","","0.2.0 / Phase 10","2026-08-16"
"UR-036","J-05","Collaborate through Git","Reconcile","Resolve concurrent edits as Git conflicts","Developer","A user shall resolve concurrent edits to canonical Roadmap files using ordinary Git conflict workflows rather than a second application merge engine.","Conflicted documents are not accepted as valid state; after the user resolves and stages them Roadmap validates the canonical files and performs no hidden remote reconciliation.","UR-035","Must","Accepted","Maintainer","docs/architecture/adr/0002-git-owned-synchronization.md; docs/architecture/adr/0006-validation-and-error-ownership.md","","0.2.0 / Phase 10","2026-08-16"
"UR-037","J-08","Diagnose and recover","Recover","Rebuild stale derived state","Project maintainer","A maintainer shall be able to discard and rebuild indexes caches and other projections from canonical Roadmap files.","A missing stale incompatible or corrupt projection is detected; rebuild is idempotent; canonical documents remain unchanged and queries return equivalent results afterward.","UR-005; UR-045","Must","Verified","Maintainer","docs/architecture/adr/0003-canonical-files-and-rebuildable-projections.md; docs/requirements/verification-evidence.json","","0.2.0 / Phase 5","2026-10-06"
"UR-038","J-02","Capture and triage work","Link","Attach external references without synchronization","Contributor or maintainer","A user shall be able to attach an external URL or identifier to a Roadmap entity as an ordinary reference without making the external record authoritative.","The Roadmap ID remains canonical; adding editing or removing a reference performs no network operation and creates no baseline mapping or reconciliation state.","UR-017","Could","Accepted","Maintainer","docs/architecture/adr/0002-git-owned-synchronization.md; docs/architecture/adr/0004-domain-boundaries-and-stable-identity.md","","0.2.0 / Phase 7","2026-08-16"
"UR-039","J-05","Collaborate through Git","Audit","Inspect roadmap change history through Git","Maintainer or contributor","Users shall be able to audit canonical Roadmap changes with ordinary Git history diff and blame tools.","History identifies committed content changes without a separate synchronization audit store; application diagnostics remain distinct from Git history.","UR-007; UR-034","Should","Accepted","Maintainer","docs/architecture/adr/0002-git-owned-synchronization.md; docs/architecture/adr/0003-canonical-files-and-rebuildable-projections.md","","0.2.0 / Phase 10","2026-08-16"
"UR-040","J-07","Report and automate","Render","Choose stable output formats","CLI user or automation","Users shall be able to request supported output formats and columns without changing command meaning.","Rich and plain views remain readable; JSON and CSV parse; Markdown is valid; exit status and stderr behavior remain stable across formats.","UR-001","Must","Accepted","Maintainer","roadmap/adapters/inbound/cli/output_formatter.py; roadmap/adapters/inbound/cli/models/output_models.py; docs/architecture/refactor-execution-plan.md","","0.2.0 / Phase 10","2026-08-16"
"UR-041","J-07","Report and automate","Export","Export filtered project data","Maintainer or automation","A user shall be able to export selected Roadmap data in JSON CSV or Markdown to an explicit destination.","The file format and schema are documented; filters match interactive queries; overwrite behavior is explicit; empty exports remain valid.","UR-040","Should","Accepted","Maintainer","roadmap/adapters/inbound/cli/data; docs/architecture/refactor-execution-plan.md","","0.2.0 / Phase 10","2026-08-16"
"UR-042","J-08","Diagnose and recover","Detect","Run actionable health scans","Maintainer or automation","A maintainer shall be able to scan selected entity types and severities, include dependency checks, group results, and consume stable exit codes.","Healthy, degraded, and unhealthy results map to documented exit codes; each finding identifies entity, rule, severity, and remediation; JSON and CSV parse.","UR-001","Must","Accepted","Maintainer","docs/architecture/refactor-execution-plan.md; roadmap/application/use_cases/health.py","","0.2.0 / Phase 10","2026-08-16"
"UR-043","J-08","Diagnose and recover","Repair","Preview and apply targeted health fixes","Project maintainer","A maintainer shall be able to preview and selectively apply safe fixes with confirmation and a post-fix report.","Dry-run is non-mutating; only selected fix types run; every mutation is reported and recoverable; a follow-up scan verifies the result.","UR-042","Must","Accepted","Maintainer","docs/architecture/refactor-execution-plan.md; roadmap/adapters/inbound/cli/health/commands.py","","0.2.0 / Phase 10","2026-08-16"
"UR-044","J-08","Diagnose and recover","Maintain","Clean backups and malformed data safely","Project maintainer","A maintainer shall be able to inspect and clean old backups, misplaced files, duplicates, and malformed entities without broad unintended deletion.","Targeted and all-mode previews enumerate exact paths and actions; retention rules are honored; failures are surfaced; recoverable data is preserved.","UR-042","Must","Accepted","Maintainer","roadmap/adapters/inbound/cli/cleanup.py; docs/architecture/refactor-execution-plan.md","","0.2.0 / Phase 10","2026-08-16"
"UR-045","J-08","Diagnose and recover","Reconcile","Validate canonical files and derived projections","Project maintainer","A maintainer shall be able to compare canonical files with local indexes and preview projection rebuild or pruning.","Missing, extra, duplicate, stale, or mismatched projection records are reported; repair never overwrites canonical content and confirmed projection state can be discarded and rebuilt.","UR-042","Must","Accepted","Maintainer","docs/architecture/adr/0003-canonical-files-and-rebuildable-projections.md","","0.2.0 / Phase 5","2026-08-16"
"UR-046","J-01","Adopt and initialize","Portability","Edit and move canonical data","Developer","Users shall be able to inspect or edit supported canonical files with ordinary tools and move a workspace across supported systems.","Valid manual edits are loaded on the next command; invalid edits produce diagnostics; stable ID-based paths newline and encoding differences preserve entity meaning across supported systems.","UR-001","Must","Accepted","Maintainer","docs/architecture/adr/0003-canonical-files-and-rebuildable-projections.md; docs/architecture/adr/0010-stable-id-based-canonical-paths.md","","0.2.0 / Phase 5","2026-08-16"
"UR-047","J-08","Diagnose and recover","Restore","Restore data after an interrupted or destructive operation","Project maintainer","A maintainer shall be able to identify the relevant backup or interrupted transaction and restore a complete consistent scope without creating duplicates.","Restore can be previewed; recovered entities retain stable IDs paths and relationships; the operation reports overwritten or skipped data and supports post-recovery validation.","UR-011","Must","Accepted","Maintainer","docs/architecture/adr/0005-write-consistency-and-concurrency.md; docs/architecture/adr/0008-lifecycle-independent-of-storage.md","","0.2.0 / Phase 5","2026-08-16"
"UR-048","J-09","Configure and evolve","Upgrade","Upgrade and migrate a workspace","Project maintainer","A user shall be able to upgrade the CLI and migrate supported workspace data with compatibility checks, preview, backup, and rollback guidance.","The CLI detects schema/version differences; migration is idempotent; unsupported downgrade or breaking changes stop before mutation and link to a migration path.","UR-001","Must","Accepted","Maintainer","CHANGELOG.md; roadmap/__init__.py; roadmap/adapters/outbound/persistence","","0.2.0 / Phase 9","2026-08-16"
"UR-049","J-10","Manage requirements as code","Capture","Create a requirement artifact","Product owner, architect, or maintainer","A user shall be able to create an optional user or technical requirement with stable identity, readable key, statement, rationale, priority, owner, lifecycle status and type-specific acceptance or verification criteria.","Draft creation needs criteria rather than passing evidence; defaults are explicit; canonical Markdown and unknown fields round-trip; duplicate identities or readable keys fail explicitly.","UR-001","Should","Accepted","Maintainer","docs/requirements/REQUIREMENTS_AS_ARTIFACTS.md#canonical-storage; docs/planning/0.4.0-plan.md","13a711b6-ae83-4d7d-a78f-8126339756bc","0.4","2026-10-08"
"UR-050","J-10","Manage requirements as code","Discover","Find and inspect requirements","Contributor or reviewer","Users shall be able to list, filter, search, sort, and view requirements by type, journey, stage, priority, status, owner, relation, and roadmap target.","Results and JSON are deterministic; detail shows readable key, UUID, current revision, recorded history/evidence and typed relations; missing or ambiguous keys fail explicitly; retained closed or archived targets remain inspectable. Supersession management is deferred.","UR-049","Should","Accepted","Maintainer","docs/requirements/REQUIREMENTS_AS_ARTIFACTS.md#minimum-cli-journey; docs/planning/0.4.0-plan.md","13a711b6-ae83-4d7d-a78f-8126339756bc","0.4","2026-10-08"
"UR-051","J-10","Manage requirements as code","Govern","Review and transition requirement status","Maintainer or delegated requirement owner","A requirement owner shall explicitly transition requirements through Draft, Accepted, In Progress, Verified, Deferred and Rejected without deriving approval or verification from issue closure.","Invalid transitions fail before mutation; transition reasons, attributed actor and timestamps are retained; semantic edits to accepted content require explicit reacceptance; local actor attribution does not imply account authentication.","UR-049","Should","Accepted","Maintainer","docs/requirements/REQUIREMENTS_AS_ARTIFACTS.md#lifecycle; docs/governance/README.md#requirement-lifecycle; docs/planning/0.4.0-plan.md","4c04e9cb-2b7d-4732-a09b-f6a5974a5138","0.4","2026-10-08"
"UR-052","J-10","Manage requirements as code","Trace","Link requirements to intent, work, and evidence","Product owner, architect, developer, or reviewer","Users shall be able to create, remove and inspect typed relationships among requirements, implementation issues, project/milestone targets, verification evidence and ordinary external report references.","Each edge has one canonical owner and derived reverse lookup; invalid types, duplicates, missing targets and prohibited cycles are rejected; unlinking preserves artifacts; closed/archived targets resolve; manual broken links are diagnosed. No generic plugin graph or provider synchronization is introduced.","UR-049; UR-017","Should","Accepted","Maintainer","docs/requirements/REQUIREMENTS_AS_ARTIFACTS.md#typed-relationships; docs/planning/0.4.0-plan.md","2237e909-ab42-4095-a1a2-d791676ed9d4","0.4","2026-10-08"
"UR-053","J-10","Manage requirements as code","Analyze","Measure traceability and coverage","Product owner or maintainer","Users shall be able to find accepted requirements without planned work, completed work without verification, orphan work, broken relations, and coverage by journey, priority, milestone, or release.","Terminal and versioned JSON use one calculation and list exact eligible IDs for unplanned requirements, unjustified orphan work, completed work awaiting verification, stale/failed evidence, broken links and blocked requirements; counts reconcile; explicit maintenance justification is valid without fabricated product requirements.","UR-052","Should","Accepted","Maintainer","docs/requirements/REQUIREMENTS_AS_ARTIFACTS.md#traceability-views; docs/planning/0.4.0-plan.md","dfaeadbc-a870-4d5f-b7dc-b033e8c9e4e5","0.4","2026-10-08"
"UR-054","J-10","Manage requirements as code","Verify","Record acceptance evidence","Requirement owner or reviewer","A requirement owner shall record criterion-specific verification evidence bound to the requirement revision and mark it Verified only after explicitly checking its current criteria.","Evidence records criteria covered, result, location, applicable revision/commit/artifact, reviewer and date; missing or failing current evidence refuses verification; acceptance-bearing edits stale prior evidence while preserving history; file existence and issue closure are not passing evidence.","UR-052","Should","Accepted","Maintainer","docs/requirements/REQUIREMENTS_AS_ARTIFACTS.md#lifecycle; docs/planning/0.4.0-plan.md","4c04e9cb-2b7d-4732-a09b-f6a5974a5138","0.4","2026-10-08"
"UR-055","J-10","Manage requirements as code","Exchange","Import and export requirements","Product owner or automation","Users shall be able to export requirements to CSV and import reviewed CSV changes through a dry-run and conflict-aware transaction.","Round-trip preserves supported fields and relations; preview reports creates, updates, invalid rows, and conflicts; failed import leaves canonical files unchanged.","UR-049","Should","Deferred","Maintainer","docs/requirements/REQUIREMENTS_AS_ARTIFACTS.md#canonical-storage; docs/requirements/README.md","","Post-0.2","2026-08-16"
"UR-056","J-10","Manage requirements as code","Evolve","Supersede or archive requirements without losing history","Product owner or architect","Users shall be able to supersede or archive obsolete requirements while keeping stable references, rationale, relations, and replacement links.","The prior ID remains resolvable and immutable except for status/history metadata; replacement relationships are validated; reports exclude or include historical artifacts explicitly.","UR-049","Should","Deferred","Maintainer","docs/requirements/REQUIREMENTS_AS_ARTIFACTS.md#lifecycle","","Post-0.2","2026-08-16"
"UR-057","J-10","Manage requirements as code","Plan","Build roadmap scope from accepted requirements","Product owner and project maintainer","Users shall be able to select Accepted requirements into projects, milestones, or roadmap targets and monitor delivery and verification without conflating requirements with issues.","Only eligible requirements are committed; implementation work remains distinct and linked; scope changes preserve decision history; progress distinguishes planned, implemented, and verified.","UR-051; UR-052; UR-053","Should","Deferred","Maintainer","docs/requirements/REQUIREMENTS_AS_ARTIFACTS.md#product-boundary; docs/governance/README.md#requirement-lifecycle","","Post-0.2","2026-08-16"
"UR-058","J-09","Configure and evolve","Outcome","Configure and safely evolve a workspace","Project maintainer","The CLI shall support configuration and version evolution without exposing secrets, silently changing meaning, or making supported workspace data unreadable.","A maintainer can inspect and change configuration, upgrade the CLI, preview required migration, recover from failure, and reopen the workspace with equivalent supported data.","UR-001","Must","Accepted","Maintainer","roadmap/adapters/outbound/persistence/configuration.py; roadmap/__init__.py; CHANGELOG.md","","0.2.0 / Phase 9","2026-08-16"
"UR-059","J-10","Manage requirements as code","Outcome","Manage intent through delivery and verification","Product owner, architect, maintainer, or contributor","Roadmap shall support an optional end-to-end requirements-as-code journey from capture and governance through planning, implementation traceability, evidence, and supersession.","A team can create and approve requirements, link distinct delivery work, identify coverage gaps, record verification evidence, and preserve history using repository-native artifacts.","UR-049; UR-051; UR-052; UR-053; UR-054","Should","Deferred","Maintainer","docs/requirements/REQUIREMENTS_AS_ARTIFACTS.md","","Post-0.2","2026-09-02"
"UR-060","J-05","Collaborate through Git","Hand off","Generate a host-shaped issue, branch, or pull-request link","Developer","A user shall be able to generate a correctly shaped link to the current issue, branch, or pull/merge request for the detected Git hosting provider without Roadmap making a network call or storing credentials.","A distinct read-only hosting URL command (recommended `roadmap git url`, pending CLI contract review) reports a usable URL for recognized GitHub, GitLab, and Gitea remotes; unrecognized or missing remotes produce clear guidance instead of a fabricated link; no credential is read or stored.","UR-029; UR-032","Should","Accepted","Maintainer","roadmap/adapters/inbound/cli/git/commands.py; docs/planning/0.4.0-plan.md","19b7302b-e9b2-4db7-9614-0f7bf7da65cb","0.4","2026-10-08"
"UR-061","J-03","Execute daily work","Sequence","Visualize schedule and critical path","Developer or planner","Users shall render a dependency-based project or milestone schedule with earliest/latest starts and finishes, all critical paths and slack under explicit planning assumptions.","Terminal and JSON reconcile; unlimited parallelism is stated; missing estimates remain unknown unless an explicit default is selected; deadline variance, outside-scope dependencies, cycles and empty schedules have documented outcomes; no assignee-capacity forecast is claimed.","UR-021","Should","Accepted","Maintainer","roadmap/application/use_cases/planning.py; docs/planning/0.4.0-plan.md","08544d5a-beb5-4ae0-8c45-08998c152a90","0.4","2026-10-08"
"UR-062","J-10","Manage requirements as code","Revise","Edit requirements without identity or content loss","Maintainer, contributor or requirement owner","Users shall edit requirement fields and Markdown while preserving UUID identity, readable references, user content and revision history.","Rename, update, manual-edit and projection-rebuild journeys preserve identity, unknown frontmatter, body content and links; semantic edits create a new acceptance-bearing revision; write conflicts preserve newer user edits.","UR-049","Should","Accepted","Maintainer","docs/planning/0.4.0-plan.md","13a711b6-ae83-4d7d-a78f-8126339756bc","0.4","2026-10-08"
"UR-063","J-10","Manage requirements as code","Prioritize","Explain the next eligible work","Maintainer, contributor or requirement owner","Users shall receive deterministic read-only next-work recommendations using an explicit eligibility and ordering policy.","Only accepted requirements or explicitly justified maintenance are eligible; unmet dependencies are visible; recommendations explain priority, scope, deadlines, unblocking value and verification gaps; identical input/time yields stable JSON/order; no command auto-approves scope or changes priority.","UR-051; UR-052; UR-053","Should","Accepted","Maintainer","docs/planning/0.4.0-plan.md","bd5e97bc-8769-4bbe-a505-3661d492db58","0.4","2026-10-08"
"UR-064","J-09","Configure and evolve","Adopt","Keep requirements optional in existing workspaces","Maintainer, contributor or requirement owner","Existing issue-only workspaces shall retain their supported workflows when requirements support is unused or introduced explicitly.","Reads create no requirements or canonical edits; supported 0.3.1 data upgrades with preview/recovery and preserved IDs/content; initialization/issues/planning/export stay usable; unsupported downgrade is explicit; separately declared 0.4 deprecation removals have replacement guidance.","UR-048; UR-049","Should","Accepted","Maintainer","docs/planning/0.4.0-plan.md","58899eda-11d0-4c14-b56d-da664d554b53","0.4","2026-10-08"
"UR-065","J-10","Manage requirements as code","Dogfood","Govern Roadmap development with Roadmap","Maintainer, contributor or requirement owner","The Roadmap project shall use its version-controlled workspace to plan, execute and verify 0.4 release work and turn observed workflow friction into traceable development evidence.","Use published 0.3.1 immediately and test candidates in copies; each new implementation item links requirements or maintenance rationale; record task/version/command/expected/actual/workaround/disposition; audit historical data; perform one verified CSV-to-artifact cutover without dual manual authorities; release review includes a self-hosted journey and friction dispositions.","UR-049; UR-052; UR-053; UR-054","Should","Accepted","Maintainer","docs/planning/0.4.0-plan.md","fdcd630e-4de0-4c10-ab00-44be0e365867; 4d2ddfcf-c0b2-4757-a088-057d118d0bb9; 58899eda-11d0-4c14-b56d-da664d554b53; 08baa3c7-738c-4350-8379-bda748329fd5","0.4","2026-10-08"
"UR-066","J-10","Manage requirements as code","Close out","Resolve the baseline GitHub backlog through Roadmap","Maintainer, contributor or requirement owner","Every GitHub issue open at the agreed baseline shall have a linked Roadmap work item and an evidence-backed terminal disposition as a verified fix or explicit not-planned closure.","Freeze dated baseline; reconcile existing local IDs and preserve source URLs; track triage/work/verification locally; confirm exact remote identity/state before explicit gh closure; record success/failure; retry without duplicate records; not-planned retains rationale and never counts as implemented coverage; final audit finds no omitted baseline issue; later arrivals receive separate triage.","UR-065; UR-068","Should","Accepted","Maintainer","docs/planning/0.4.0-plan.md; docs/requirements/proposals/collaboration-completion-after-pull.md","fdcd630e-4de0-4c10-ab00-44be0e365867; 6e714c10-6905-4d4c-9301-4837ee99e25d","0.4","2026-10-08"
"UR-067","J-05","Collaborate through Git","Collaborate","See completed work after merge and pull","Contributor or maintainer","Collaborators shall see an issue completed in Roadmap on their first relevant read after pulling the merged canonical completion record.","Two independent clones exercise close/commit/merge/pull; issue detail/list and milestone/project progress agree despite a stale local projection; IDs/history/context survive; no reimport or manual repair of valid received data is needed; unresolved Git conflicts are diagnosed; issue completion does not verify requirements.","UR-007; UR-020; UR-035; UR-036","Should","Accepted","Maintainer","docs/requirements/proposals/collaboration-completion-after-pull.md; docs/planning/0.4.0-plan.md","355390b8-7f70-4f89-8042-34252d6d4981","0.4","2026-10-08"
"UR-068","J-05","Collaborate through Git","Import","Import complete external issue records safely","Contributor or maintainer","Maintainers shall explicitly import selected GitHub issue records completely into Roadmap and repeat imports without losing local work or duplicating records.","Preview selection and repository-qualified identity matching; preserve descriptions, all paginated comments, agreed metadata/timeline and attribution; retain source URLs for attachments without claiming binary capture; use existing local IDs; unchanged input is idempotent; changed input retains attributed source revisions and exposes differences without overwriting local planning/status; validate and recover interrupted writes.","UR-017; UR-022; UR-023","Should","Accepted","Maintainer","docs/requirements/proposals/collaboration-completion-after-pull.md; docs/planning/0.4.0-plan.md","ff21f48a-d2bc-4bc1-bce3-90468079190d","0.4","2026-10-08"
"UR-069","J-05","Collaborate through Git","External completion","Receive GitHub-only completion through the repository","Contributor or maintainer","Collaborators shall receive correct Roadmap completion through the documented next-pull workflow when implementation is merged and the issue is closed only on GitHub.","Define and verify when external closure is captured and committed into pullable canonical data; exact external identity maps to the retained local issue; preserve local fields/history; failed or repeated delivery is visible and safe to retry; conflicting/reopened states follow an explicit reviewed policy; issue completion never implies requirement verification.","UR-067; UR-068","Should","Accepted","Maintainer","docs/requirements/proposals/collaboration-completion-after-pull.md; docs/planning/0.4.0-plan.md","884d27e2-6fda-434b-a506-fac9b8c1128f","0.5","2026-10-08"
"UR-070","J-05","Collaborate through Git","Publish","Publish committed closure decisions to GitHub","Contributor or maintainer","Explicitly opted-in Roadmap closures shall close their exact linked GitHub issues automatically after the canonical decisions reach the default branch.","Preview offline; read pinned committed records only; require qualified target and explicit completed/not-planned disposition and closure reason; publish evidence linked to commit; retry safely after partial failures; skip already closed issues; no automatic reopening or inbound reconciliation; verify simulated failures and a live post-merge run.","UR-065; UR-066; UR-067","Should","Accepted","Maintainer","docs/architecture/adr/0013-publish-committed-github-closures.md","948cf7d4-6559-4102-8369-247c29ca0d08","0.4","2026-10-08"
