"id","category","surface","current_signature","disposition","target_contract","target_phase","owner","requirements","evidence","migration_guidance"
"CLI-001","cli","roadmap","opt:--version","Preserve","Retain command path and documented arguments/options; incidental Rich styling and prose are not stable.","Phase 13","Maintainer","TR-004","roadmap/adapters/inbound/cli/__init__.py",""
"CLI-002","cli","roadmap analysis","none","Preserve","Retain command path and documented arguments/options; incidental Rich styling and prose are not stable.","Phase 10","Maintainer","UR-008; TR-004; TR-013","roadmap/adapters/inbound/cli/analysis/commands.py",""
"CLI-003","cli","roadmap analysis critical-path","opt:--milestone|-m;opt:--include-closed;opt:--export[json|csv];opt:--output|-o","Preserve","Retain command path and documented arguments/options; incidental Rich styling and prose are not stable.","Phase 10","Maintainer","UR-008; TR-004; TR-013","roadmap/adapters/inbound/cli/analysis/commands.py",""
"CLI-004","cli","roadmap cleanup","opt:--keep;opt:--days;opt:--dry-run;opt:--force;opt:--backups-only;opt:--check-folders;opt:--check-duplicates;opt:--check-malformed;opt:--verbose|-v","Replace","Replace broad cleanup with diagnosed, scoped health repair and explicit recovery operations.","Phase 10","Maintainer","UR-010; UR-011; TR-004; TR-033","roadmap/adapters/inbound/cli/cleanup.py","Follow the target contract; migration details are finalized in the named implementation phase."
"CLI-005","cli","roadmap comment","none","Remove","Absent from the 0.2 command tree.","Phase 11","Maintainer","TR-004","docs/architecture/refactor-execution-plan.md","Use roadmap issue comment add/list; no-op top-level comment edit/delete and milestone claims are not carried forward."
"CLI-006","cli","roadmap comment create","arg:target_id:required;arg:message:required;opt:--type","Remove","Absent from the 0.2 command tree.","Phase 11","Maintainer","TR-004","docs/architecture/refactor-execution-plan.md","Use roadmap issue comment add/list; no-op top-level comment edit/delete and milestone claims are not carried forward."
"CLI-007","cli","roadmap comment delete","arg:comment_id:required","Remove","Absent from the 0.2 command tree.","Phase 11","Maintainer","TR-004","docs/architecture/refactor-execution-plan.md","Use roadmap issue comment add/list; no-op top-level comment edit/delete and milestone claims are not carried forward."
"CLI-008","cli","roadmap comment edit","arg:comment_id:required;arg:new_message:required","Remove","Absent from the 0.2 command tree.","Phase 11","Maintainer","TR-004","docs/architecture/refactor-execution-plan.md","Use roadmap issue comment add/list; no-op top-level comment edit/delete and milestone claims are not carried forward."
"CLI-009","cli","roadmap comment list","arg:target_id:required;opt:--type","Remove","Absent from the 0.2 command tree.","Phase 11","Maintainer","TR-004","docs/architecture/refactor-execution-plan.md","Use roadmap issue comment add/list; no-op top-level comment edit/delete and milestone claims are not carried forward."
"CLI-010","cli","roadmap config","none","Replace","Retain configuration intent through one versioned typed schema with declared project/user/runtime scopes.","Phase 9","Maintainer","UR-016; TR-004; TR-019","roadmap/adapters/inbound/cli/config/commands.py","Follow the target contract; migration details are finalized in the named implementation phase."
"CLI-011","cli","roadmap config get","arg:key:required","Replace","Retain configuration intent through one versioned typed schema with declared project/user/runtime scopes.","Phase 9","Maintainer","UR-016; TR-004; TR-019","roadmap/adapters/inbound/cli/config/commands.py","Follow the target contract; migration details are finalized in the named implementation phase."
"CLI-012","cli","roadmap config reset","opt:--project;opt:--yes","Replace","Retain configuration intent through one versioned typed schema with declared project/user/runtime scopes.","Phase 9","Maintainer","UR-016; TR-004; TR-019","roadmap/adapters/inbound/cli/config/commands.py","Follow the target contract; migration details are finalized in the named implementation phase."
"CLI-013","cli","roadmap config set","arg:key:required;arg:value:required;opt:--project","Replace","Retain configuration intent through one versioned typed schema with declared project/user/runtime scopes.","Phase 9","Maintainer","UR-016; TR-004; TR-019","roadmap/adapters/inbound/cli/config/commands.py","Follow the target contract; migration details are finalized in the named implementation phase."
"CLI-014","cli","roadmap config view","opt:--project;opt:--level[user|project|merged]","Replace","Retain configuration intent through one versioned typed schema with declared project/user/runtime scopes.","Phase 9","Maintainer","UR-016; TR-004; TR-019","roadmap/adapters/inbound/cli/config/commands.py","Follow the target contract; migration details are finalized in the named implementation phase."
"CLI-015","cli","roadmap data","none","Preserve","Retain command path and documented arguments/options; incidental Rich styling and prose are not stable.","Phase 10","Maintainer","UR-008; TR-004; TR-013","roadmap/adapters/inbound/cli/data/commands.py",""
"CLI-016","cli","roadmap data export","opt:--format[json|csv|markdown];opt:--output|-o;opt:--filter","Preserve","Retain command path and documented arguments/options; incidental Rich styling and prose are not stable.","Phase 10","Maintainer","UR-008; TR-004; TR-013","roadmap/adapters/inbound/cli/data/commands.py",""
"CLI-017","cli","roadmap data generate-report","opt:--type[summary|detailed|analytics];opt:--output|-o","Remove","Absent from the 0.2 command tree.","Phase 11","Maintainer","UR-008; TR-004; TR-013","roadmap/adapters/inbound/cli/data/commands.py","Use stable list/status structured output or roadmap data export; the placeholder analytics command has no retained behavior."
"CLI-018","cli","roadmap git","none","Preserve","Retain command path and documented arguments/options; incidental Rich styling and prose are not stable.","Phase 10","Maintainer","UR-007; TR-004; TR-028","roadmap/adapters/inbound/cli/git/commands.py",""
"CLI-019","cli","roadmap git branch","arg:issue_id:required;opt:--checkout|--no-checkout;opt:--force","Preserve","Retain command path and documented arguments/options; incidental Rich styling and prose are not stable.","Phase 10","Maintainer","UR-007; TR-004; TR-028","roadmap/adapters/inbound/cli/git/commands.py",""
"CLI-020","cli","roadmap git hooks-config","opt:--enable-auto-sync;opt:--disable-auto-sync;opt:--sync-on-commit;opt:--no-sync-on-commit;opt:--sync-on-checkout;opt:--no-sync-on-checkout;opt:--sync-on-merge;opt:--no-sync-on-merge;opt:--confirm|--no-confirm;opt:--force-local;opt:--force-github;opt:--show","Remove","Absent from the 0.2 command tree.","Phase 11","Maintainer","UR-007; TR-004; TR-028","roadmap/adapters/inbound/cli/git/commands.py","Use explicit Roadmap commands or user-owned Git hooks; Roadmap 0.2 does not install automatic mutation hooks."
"CLI-021","cli","roadmap git hooks-install","none","Remove","Absent from the 0.2 command tree.","Phase 11","Maintainer","UR-007; TR-004; TR-028","roadmap/adapters/inbound/cli/git/commands.py","Use explicit Roadmap commands or user-owned Git hooks; Roadmap 0.2 does not install automatic mutation hooks."
"CLI-022","cli","roadmap git hooks-status","none","Remove","Absent from the 0.2 command tree.","Phase 11","Maintainer","UR-007; TR-004; TR-028","roadmap/adapters/inbound/cli/git/commands.py","Use explicit Roadmap commands or user-owned Git hooks; Roadmap 0.2 does not install automatic mutation hooks."
"CLI-023","cli","roadmap git hooks-uninstall","none","Remove","Absent from the 0.2 command tree.","Phase 11","Maintainer","UR-007; TR-004; TR-028","roadmap/adapters/inbound/cli/git/commands.py","Use explicit Roadmap commands or user-owned Git hooks; Roadmap 0.2 does not install automatic mutation hooks."
"CLI-024","cli","roadmap git link","arg:issue_id:required","Preserve","Retain command path and documented arguments/options; incidental Rich styling and prose are not stable.","Phase 10","Maintainer","UR-007; TR-004; TR-028","roadmap/adapters/inbound/cli/git/commands.py",""
"CLI-025","cli","roadmap git setup","opt:--auth;opt:--update-token;opt:--git-auth","Remove","Absent from the 0.2 command tree.","Phase 11","Maintainer","UR-007; TR-004; TR-028","roadmap/adapters/inbound/cli/git/commands.py","Use native Git configuration and credential tooling; use roadmap git status only for local repository inspection."
"CLI-026","cli","roadmap git status","none","Preserve","Retain command path and documented arguments/options; incidental Rich styling and prose are not stable.","Phase 10","Maintainer","UR-007; TR-004; TR-028","roadmap/adapters/inbound/cli/git/commands.py",""
"CLI-027","cli","roadmap git sync","opt:--dry-run;opt:--verbose;opt:--force-local;opt:--force-github;opt:--backend[github|git]","Remove","Absent from the 0.2 command tree.","Phase 11","Maintainer","UR-007; TR-004; TR-028","roadmap/adapters/inbound/cli/git/commands.py","Use ordinary git fetch/pull/merge-or-rebase/push for collaboration; SQLite maintenance is projection refresh/rebuild, not remote sync."
"CLI-028","cli","roadmap health","opt:--details;opt:--format|-f[plain|json];opt:--verbose|-v","Preserve","Retain command path and documented arguments/options; incidental Rich styling and prose are not stable.","Phase 10","Maintainer","UR-010; UR-011; TR-004; TR-033","roadmap/adapters/inbound/cli/health/commands.py",""
"CLI-029","cli","roadmap health db-integrity","opt:--verbose|-v;opt:--details;opt:--format|-f[plain|json];opt:--show-ids;opt:--json;opt:--limit","Preserve","Retain command path and documented arguments/options; incidental Rich styling and prose are not stable.","Phase 10","Maintainer","UR-010; UR-011; TR-004; TR-033","roadmap/adapters/inbound/cli/health/commands.py",""
"CLI-030","cli","roadmap health fix","opt:--verbose|-v;opt:--details;opt:--format|-f[plain|json];opt:--fix-type|-t[all|old_backups|duplicate_issues|orphaned_issues|folder_structure|corrupted_comments|data_integrity|label_normalization|milestone_name_normalization|milestone_naming_compliance|milestone_validation|projection|recovery];opt:--dry-run;opt:--yes|-y","Preserve","Retain command path and documented arguments/options; incidental Rich styling and prose are not stable.","Phase 10","Maintainer","UR-010; UR-011; TR-004; TR-033","roadmap/adapters/inbound/cli/health/commands.py",""
"CLI-031","cli","roadmap health scan","opt:--output|-o[plain|json|csv];opt:--details;opt:--filter-entity|-e[issue|milestone|project];opt:--filter-severity|-s[info|warning|error|critical];opt:--group-by|-g[entity|severity|type];opt:--with-dependencies;opt:--no-dependencies;opt:--summary-only;opt:--verbose|-v","Preserve","Retain command path and documented arguments/options; incidental Rich styling and prose are not stable.","Phase 10","Maintainer","UR-010; UR-011; TR-004; TR-033","roadmap/adapters/inbound/cli/health/commands.py",""
"CLI-032","cli","roadmap init","opt:--name|-n;opt:--project-name|-p;opt:--description|-d;opt:--skip-project;opt:--interactive|--non-interactive;opt:--yes|-y;opt:--dry-run;opt:--force|-f;opt:--template|-t;opt:--template-path","Replace","Retain safe initialization and reopen behavior; remove provider, credential, and sync-backend options.","Phase 9","Maintainer","UR-016; TR-004; TR-019","roadmap/adapters/inbound/cli/init/commands.py","Follow the target contract; migration details are finalized in the named implementation phase."
"CLI-033","cli","roadmap issue","none","Preserve","Retain command path and documented arguments/options; incidental Rich styling and prose are not stable.","Phase 7","Maintainer","UR-002; TR-004","roadmap/adapters/inbound/cli/issues/__init__.py",""
"CLI-034","cli","roadmap issue archive","arg:issue_id:optional;opt:--all-closed;opt:--orphaned;opt:--list;opt:--dry-run;opt:--force;opt:--verbose|-v","Replace","Retain lifecycle commands while replacing physical active/archive moves with canonical lifecycle metadata.","Phase 7","Maintainer","UR-002; TR-004","roadmap/adapters/inbound/cli/issues/archive.py","Follow the target contract; migration details are finalized in the named implementation phase."
"CLI-035","cli","roadmap issue block","arg:issue_id:required;opt:--reason|-r","Preserve","Retain command path and documented arguments/options; incidental Rich styling and prose are not stable.","Phase 7","Maintainer","UR-002; TR-004","roadmap/adapters/inbound/cli/issues/block.py",""
"CLI-036","cli","roadmap issue close","arg:issue_id:required;opt:--reason|-r;opt:--record-time|-t;opt:--date","Preserve","Retain command path and documented arguments/options; incidental Rich styling and prose are not stable.","Phase 7","Maintainer","UR-002; TR-004","roadmap/adapters/inbound/cli/issues/close.py",""
"CLI-037","cli","roadmap issue comment","none","Preserve","Retain command path and documented arguments/options; incidental Rich styling and prose are not stable.","Phase 7","Maintainer","UR-002; TR-004","roadmap/adapters/inbound/cli/issues/comment.py",""
"CLI-038","cli","roadmap issue comment add","arg:issue_id:required;arg:body:required;opt:--author|-a;opt:--reply-to|-r","Preserve","Retain command path and documented arguments/options; incidental Rich styling and prose are not stable.","Phase 7","Maintainer","UR-002; TR-004","roadmap/adapters/inbound/cli/issues/comment.py",""
"CLI-039","cli","roadmap issue comment list","arg:issue_id:required;opt:--format|-f[text|json]","Preserve","Retain command path and documented arguments/options; incidental Rich styling and prose are not stable.","Phase 7","Maintainer","UR-002; TR-004","roadmap/adapters/inbound/cli/issues/comment.py",""
"CLI-040","cli","roadmap issue create","opt:--title;opt:--priority|-p[critical|high|medium|low];opt:--type|-t[feature|bug|other];opt:--milestone|-m;opt:--assignee|-a;opt:--labels|-l;opt:--estimate|-e;opt:--depends-on;opt:--blocks;opt:--content|-d;opt:--git-branch;opt:--checkout|--no-checkout;opt:--branch-name;opt:--force","Preserve","Retain command path and documented arguments/options; incidental Rich styling and prose are not stable.","Phase 7","Maintainer","UR-002; TR-004","roadmap/adapters/inbound/cli/issues/create.py",""
"CLI-041","cli","roadmap issue delete","arg:issue_id:required;opt:--yes|-y","Preserve","Retain command path and documented arguments/options; incidental Rich styling and prose are not stable.","Phase 7","Maintainer","UR-002; TR-004","roadmap/adapters/inbound/cli/issues/delete.py",""
"CLI-042","cli","roadmap issue deps","none","Preserve","Retain command path and documented arguments/options; incidental Rich styling and prose are not stable.","Phase 7","Maintainer","UR-002; TR-004","roadmap/adapters/inbound/cli/issues/deps.py",""
"CLI-043","cli","roadmap issue deps add","arg:issue_id:required;arg:dependency_id:required","Preserve","Retain command path and documented arguments/options; incidental Rich styling and prose are not stable.","Phase 7","Maintainer","UR-002; TR-004","roadmap/adapters/inbound/cli/issues/deps.py",""
"CLI-044","cli","roadmap issue deps remove","arg:issue_id:required;arg:dependency_id:required","Preserve","Retain command path and documented arguments/options; incidental Rich styling and prose are not stable.","Phase 7","Maintainer","UR-002; TR-004","roadmap/adapters/inbound/cli/issues/deps.py",""
"CLI-045","cli","roadmap issue deps update","arg:issue_id:required;arg:old_dependency_id:required;arg:new_dependency_id:required","Preserve","Retain command path and documented arguments/options; incidental Rich styling and prose are not stable.","Phase 7","Maintainer","UR-002; TR-004","roadmap/adapters/inbound/cli/issues/deps.py",""
"CLI-046","cli","roadmap issue link-github","arg:issue_id:required;opt:--github-id;opt:--owner;opt:--repo","Remove","Absent from the 0.2 command tree.","Phase 11","Maintainer","UR-002; TR-004","docs/architecture/refactor-execution-plan.md","Keep any external URL or ID as ordinary canonical content; Roadmap 0.2 performs no provider validation, mapping, or reconciliation."
"CLI-047","cli","roadmap issue list","arg:filter_type:optional;opt:--milestone|-m;opt:--backlog;opt:--unassigned;opt:--open;opt:--blocked;opt:--next-milestone;opt:--assignee|-a;opt:--my-issues;opt:--status|-s[todo|in-progress|blocked|review|closed];opt:--priority|-p[critical|high|medium|low];opt:--issue-type|-t[feature|bug|other];opt:--overdue;opt:--search;opt:--scope[visible|closed|archived|all];opt:--verbose|-v;opt:--format[rich|plain|json|csv|markdown];opt:--columns;opt:--sort-by;opt:--filter","Replace","Retain query and stable output options; add explicit search and lifecycle scope; remove provider-specific columns and the legacy export shortcut.","Phase 6","Maintainer","UR-002; UR-018; TR-004","roadmap/adapters/inbound/cli/issues/list.py","Use --scope for visible closed archived or all records and --search for text queries; use roadmap data export for file exports."
"CLI-048","cli","roadmap issue lookup-github","arg:github_id:required","Remove","Absent from the 0.2 command tree.","Phase 11","Maintainer","UR-002; TR-004","docs/architecture/refactor-execution-plan.md","Keep any external URL or ID as ordinary canonical content; Roadmap 0.2 performs no provider validation, mapping, or reconciliation."
"CLI-049","cli","roadmap issue progress","arg:issue_id:required;arg:percentage:required","Preserve","Retain command path and documented arguments/options; incidental Rich styling and prose are not stable.","Phase 7","Maintainer","UR-002; TR-004","roadmap/adapters/inbound/cli/issues/progress.py",""
"CLI-050","cli","roadmap issue restore","arg:issue_id:optional;opt:--all;opt:--status[todo|in-progress|blocked|review|closed];opt:--dry-run;opt:--force;opt:--verbose|-v","Replace","Retain lifecycle commands while replacing physical active/archive moves with canonical lifecycle metadata.","Phase 7","Maintainer","UR-002; TR-004","roadmap/adapters/inbound/cli/issues/restore.py","Follow the target contract; migration details are finalized in the named implementation phase."
"CLI-051","cli","roadmap issue start","arg:issue_id:required;opt:--date;opt:--git-branch|--no-git-branch;opt:--checkout|--no-checkout;opt:--branch-name;opt:--force","Preserve","Retain command path and documented arguments/options; incidental Rich styling and prose are not stable.","Phase 7","Maintainer","UR-002; TR-004","roadmap/adapters/inbound/cli/issues/start.py",""
"CLI-052","cli","roadmap issue sync-status","arg:issue_id:optional;opt:--history;opt:--statistics;opt:--all","Remove","Absent from the 0.2 command tree.","Phase 11","Maintainer","UR-002; TR-004","docs/architecture/refactor-execution-plan.md","No direct replacement; use retained local and Git-native workflows documented for 0.2."
"CLI-053","cli","roadmap issue unblock","arg:issue_id:required;opt:--reason|-r","Preserve","Retain command path and documented arguments/options; incidental Rich styling and prose are not stable.","Phase 7","Maintainer","UR-002; TR-004","roadmap/adapters/inbound/cli/issues/unblock.py",""
"CLI-054","cli","roadmap issue unlink-github","arg:issue_id:required","Remove","Absent from the 0.2 command tree.","Phase 11","Maintainer","UR-002; TR-004","docs/architecture/refactor-execution-plan.md","Keep any external URL or ID as ordinary canonical content; Roadmap 0.2 performs no provider validation, mapping, or reconciliation."
"CLI-055","cli","roadmap issue update","arg:issue_id:required;opt:--title;opt:--priority|-p[critical|high|medium|low];opt:--status|-s[todo|in-progress|blocked|review|closed];opt:--assignee|-a;opt:--milestone|-m;opt:--description|-d;opt:--estimate|-e;opt:--reason|-r","Preserve","Retain command path and documented arguments/options; incidental Rich styling and prose are not stable.","Phase 7","Maintainer","UR-002; TR-004","roadmap/adapters/inbound/cli/issues/update.py",""
"CLI-056","cli","roadmap issue view","arg:issue_id:required","Preserve","Retain command path and documented arguments/options; incidental Rich styling and prose are not stable.","Phase 6","Maintainer","UR-002; TR-004","roadmap/adapters/inbound/cli/issues/view.py",""
"CLI-057","cli","roadmap milestone","none","Preserve","Retain command path and documented arguments/options; incidental Rich styling and prose are not stable.","Phase 8","Maintainer","UR-003; TR-004","roadmap/adapters/inbound/cli/milestones/__init__.py",""
"CLI-058","cli","roadmap milestone archive","arg:milestone_name:optional;opt:--all-closed;opt:--list;opt:--dry-run;opt:--force;opt:--verbose|-v","Replace","Retain lifecycle commands while replacing physical active/archive moves with canonical lifecycle metadata.","Phase 8","Maintainer","UR-003; TR-004","roadmap/adapters/inbound/cli/milestones/archive.py","Follow the target contract; migration details are finalized in the named implementation phase."
"CLI-059","cli","roadmap milestone assign","arg:issue_id:required;arg:milestone_name:required","Preserve","Retain command path and documented arguments/options; incidental Rich styling and prose are not stable.","Phase 8","Maintainer","UR-003; TR-004","roadmap/adapters/inbound/cli/milestones/assign.py",""
"CLI-060","cli","roadmap milestone close","arg:milestone_name:required;opt:--force","Preserve","Retain command path and documented arguments/options; incidental Rich styling and prose are not stable.","Phase 8","Maintainer","UR-003; TR-004","roadmap/adapters/inbound/cli/milestones/close.py",""
"CLI-061","cli","roadmap milestone create","opt:--title|-t;opt:--description|-d;opt:--due-date;opt:--project|-p","Preserve","Retain command path and documented arguments/options; incidental Rich styling and prose are not stable.","Phase 8","Maintainer","UR-003; TR-004","roadmap/adapters/inbound/cli/milestones/create.py",""
"CLI-062","cli","roadmap milestone delete","arg:milestone_id:required;opt:--yes|-y","Preserve","Retain command path and documented arguments/options; incidental Rich styling and prose are not stable.","Phase 8","Maintainer","UR-003; TR-004","roadmap/adapters/inbound/cli/milestones/delete.py",""
"CLI-063","cli","roadmap milestone kanban","arg:milestone_name:required;opt:--compact;opt:--no-color","Preserve","Retain command path and documented arguments/options; incidental Rich styling and prose are not stable.","Phase 8","Maintainer","UR-003; TR-004","roadmap/adapters/inbound/cli/milestones/kanban.py",""
"CLI-064","cli","roadmap milestone list","opt:--overdue;opt:--format[rich|plain|json|csv|markdown];opt:--columns;opt:--sort-by;opt:--filter","Preserve","Retain command path and documented arguments/options; incidental Rich styling and prose are not stable.","Phase 8","Maintainer","UR-003; TR-004","roadmap/adapters/inbound/cli/milestones/list.py",""
"CLI-065","cli","roadmap milestone recalculate","arg:milestone_name:optional;opt:--method[effort_weighted|count_based]","Preserve","Retain command path and documented arguments/options; incidental Rich styling and prose are not stable.","Phase 8","Maintainer","UR-003; TR-004","roadmap/adapters/inbound/cli/milestones/recalculate.py",""
"CLI-066","cli","roadmap milestone restore","arg:milestone_name:optional;opt:--all;opt:--dry-run;opt:--force;opt:--verbose|-v","Replace","Retain lifecycle commands while replacing physical active/archive moves with canonical lifecycle metadata.","Phase 8","Maintainer","UR-003; TR-004","roadmap/adapters/inbound/cli/milestones/restore.py","Follow the target contract; migration details are finalized in the named implementation phase."
"CLI-067","cli","roadmap milestone update","arg:milestone_id:required;opt:--name;opt:--description|-d;opt:--due-date;opt:--status[open|closed];opt:--project|-p","Preserve","Retain command path and documented arguments/options; incidental Rich styling and prose are not stable.","Phase 8","Maintainer","UR-003; TR-004","roadmap/adapters/inbound/cli/milestones/update.py",""
"CLI-068","cli","roadmap milestone view","arg:milestone_name:required;opt:--status[todo|in-progress|blocked|review|closed];opt:--priority[critical|high|medium|low];opt:--only-open","Preserve","Retain command path and documented arguments/options; incidental Rich styling and prose are not stable.","Phase 8","Maintainer","UR-003; TR-004","roadmap/adapters/inbound/cli/milestones/view.py",""
"CLI-069","cli","roadmap project","none","Preserve","Retain command path and documented arguments/options; incidental Rich styling and prose are not stable.","Phase 8","Maintainer","UR-003; TR-004","roadmap/adapters/inbound/cli/projects/__init__.py",""
"CLI-070","cli","roadmap project archive","arg:project_name:optional;opt:--all-closed;opt:--list;opt:--dry-run;opt:--force;opt:--verbose|-v","Replace","Retain lifecycle commands while replacing physical active/archive moves with canonical lifecycle metadata.","Phase 8","Maintainer","UR-003; TR-004","roadmap/adapters/inbound/cli/projects/archive.py","Follow the target contract; migration details are finalized in the named implementation phase."
"CLI-071","cli","roadmap project close","arg:project_id:required;opt:--force","Preserve","Retain command path and documented arguments/options; incidental Rich styling and prose are not stable.","Phase 8","Maintainer","UR-003; TR-004","roadmap/adapters/inbound/cli/projects/close.py",""
"CLI-072","cli","roadmap project create","opt:--title|-t;opt:--description|-d;opt:--repository|-r","Preserve","Retain command path and documented arguments/options; incidental Rich styling and prose are not stable.","Phase 8","Maintainer","UR-003; TR-004","roadmap/adapters/inbound/cli/projects/create.py",""
"CLI-073","cli","roadmap project delete","arg:project_id:required;opt:--yes|-y","Preserve","Retain command path and documented arguments/options; incidental Rich styling and prose are not stable.","Phase 8","Maintainer","UR-003; TR-004","roadmap/adapters/inbound/cli/projects/delete.py",""
"CLI-074","cli","roadmap project list","opt:--status[planning|active|on-hold|completed|cancelled];opt:--owner;opt:--priority[critical|high|medium|low];opt:--overdue;opt:--verbose|-v;opt:--format[rich|plain|json|csv|markdown];opt:--columns;opt:--sort-by;opt:--filter","Preserve","Retain command path and documented arguments/options; incidental Rich styling and prose are not stable.","Phase 8","Maintainer","UR-003; TR-004","roadmap/adapters/inbound/cli/projects/list.py",""
"CLI-075","cli","roadmap project restore","arg:project_name:optional;opt:--all;opt:--dry-run;opt:--force;opt:--verbose|-v","Replace","Retain lifecycle commands while replacing physical active/archive moves with canonical lifecycle metadata.","Phase 8","Maintainer","UR-003; TR-004","roadmap/adapters/inbound/cli/projects/restore.py","Follow the target contract; migration details are finalized in the named implementation phase."
"CLI-076","cli","roadmap project update","arg:project_id:required;opt:--name;opt:--description|-d;opt:--repository|-r;opt:--status[active|inactive|completed]","Preserve","Retain command path and documented arguments/options; incidental Rich styling and prose are not stable.","Phase 8","Maintainer","UR-003; TR-004","roadmap/adapters/inbound/cli/projects/update.py",""
"CLI-077","cli","roadmap project view","arg:project_id:required","Preserve","Retain command path and documented arguments/options; incidental Rich styling and prose are not stable.","Phase 8","Maintainer","UR-003; TR-004","roadmap/adapters/inbound/cli/projects/view.py",""
"CLI-078","cli","roadmap status","opt:--verbose|-v;opt:--format|-f[rich|plain|json|csv|markdown];opt:--output|-o","Preserve","Retain command path and documented arguments/options; incidental Rich styling and prose are not stable.","Phase 10","Maintainer","UR-008; TR-004; TR-013","roadmap/adapters/inbound/cli/status.py",""
"CLI-079","cli","roadmap sync","opt:--dry-run;opt:--verbose;opt:--force-local;opt:--force-remote;opt:--backend[github|git];opt:--base;opt:--reset-baseline;opt:--clear-baseline;opt:--conflicts;opt:--push;opt:--pull;opt:--link;opt:--unlink;opt:--issue-id;opt:--baseline[local|remote|interactive];opt:--local-only;opt:--remote-only;opt:--milestone|-m;opt:--milestone-state[open|closed|all];opt:--since;opt:--until;opt:--interactive|-i;opt:--resume;opt:--detect-duplicates|--no-detect-duplicates;opt:--interactive-duplicates;opt:--duplicate-title-threshold;opt:--duplicate-content-threshold;opt:--duplicate-auto-resolve-threshold;opt:--show-metrics;opt:--dedup-only;opt:--fuzzy","Remove","Absent from the 0.2 command tree.","Phase 11","Maintainer","UR-007; TR-004; TR-028","docs/architecture/refactor-execution-plan.md","Use ordinary git fetch/pull/merge-or-rebase/push for collaboration; SQLite maintenance is projection refresh/rebuild, not remote sync."
"CLI-080","cli","roadmap sync metrics","opt:--backend;opt:--days;opt:--latest;opt:--stats;opt:--verbose|-v","Remove","Absent from the 0.2 command tree.","Phase 11","Maintainer","UR-007; TR-004; TR-028","docs/architecture/refactor-execution-plan.md","Use ordinary git fetch/pull/merge-or-rebase/push for collaboration; SQLite maintenance is projection refresh/rebuild, not remote sync."
"CLI-081","cli","roadmap today","opt:--verbose|-v","Preserve","Retain command path and documented arguments/options; incidental Rich styling and prose are not stable.","Phase 10","Maintainer","UR-008; TR-004; TR-013","roadmap/adapters/inbound/cli/today.py",""
"CLI-082","cli","roadmap validate-links","opt:--auto-fix;opt:--prune-extra;opt:--dedupe;opt:--dry-run;opt:--verbose","Remove","Absent from the 0.2 command tree.","Phase 11","Maintainer","UR-007; TR-004; TR-028","docs/architecture/refactor-execution-plan.md","Keep any external URL or ID as ordinary canonical content; Roadmap 0.2 performs no provider validation, mapping, or reconciliation."
"CLI-083","cli","roadmap migrate","opt:--dry-run;opt:--yes|-y;opt:--format[plain|json]","Preserve","Provide explicit preflight, dry-run, confirmed execution, machine-readable output, recovery, and idempotent rerun for the supported 0.1.1 workspace migration.","Phase 9","Maintainer","UR-048; TR-004; TR-035","roadmap/adapters/inbound/cli/migrate.py; tests/integration/cli/test_cli_migrate_command.py","Run roadmap migrate --dry-run before roadmap migrate --yes; resolve every reported conflict before retrying."
"CFG-001","config","config.behavior.auto_branch_on_start","YAML dotted key","Preserve","Retain as an explicitly typed user or project setting; bootstrap resolves it once and injects a narrow immutable value.","Phase 9","Maintainer","UR-016; TR-019","roadmap/adapters/outbound/persistence/configuration.py; roadmap/adapters/outbound/persistence/migration.py",""
"CFG-002","config","config.behavior.confirm_destructive","YAML dotted key","Preserve","Retain as an explicitly typed user or project setting; bootstrap resolves it once and injects a narrow immutable value.","Phase 9","Maintainer","UR-016; TR-019","roadmap/adapters/outbound/persistence/configuration.py; roadmap/adapters/outbound/persistence/migration.py",""
"CFG-003","config","config.behavior.default_project_id","YAML dotted key","Replace","Declare default project selection as shared project policy in the versioned project configuration.","Phase 9","Maintainer","UR-016; TR-019","roadmap/adapters/outbound/persistence/configuration.py; roadmap/adapters/outbound/persistence/migration.py","Phase 9 migration retains the referenced stable project ID in project scope."
"CFG-004","config","config.behavior.include_closed_in_critical_path","YAML dotted key","Preserve","Retain as an explicitly typed user or project setting; bootstrap resolves it once and injects a narrow immutable value.","Phase 9","Maintainer","UR-016; TR-019","roadmap/adapters/outbound/persistence/configuration.py; roadmap/adapters/outbound/persistence/migration.py",""
"CFG-005","config","config.behavior.show_tips","YAML dotted key","Preserve","Retain as an explicitly typed user or project setting; bootstrap resolves it once and injects a narrow immutable value.","Phase 9","Maintainer","UR-016; TR-019","roadmap/adapters/outbound/persistence/configuration.py; roadmap/adapters/outbound/persistence/migration.py",""
"CFG-006","config","config.display.default_milestone","YAML dotted key","Replace","Map to the typed user-preference schema; never store credentials or machine paths in project configuration.","Phase 9","Maintainer","UR-016; TR-019","roadmap/adapters/outbound/persistence/configuration.py; roadmap/adapters/outbound/persistence/migration.py","Phase 9 migration moves recognized values to their declared user scope."
"CFG-007","config","config.display.table_width","YAML dotted key","Replace","Map to the typed user-preference schema; never store credentials or machine paths in project configuration.","Phase 9","Maintainer","UR-016; TR-019","roadmap/adapters/outbound/persistence/configuration.py; roadmap/adapters/outbound/persistence/migration.py","Phase 9 migration moves recognized values to their declared user scope."
"CFG-008","config","config.export.auto_gitignore","YAML dotted key","Preserve","Retain as an explicitly typed user or project setting; bootstrap resolves it once and injects a narrow immutable value.","Phase 9","Maintainer","UR-016; TR-019","roadmap/adapters/outbound/persistence/configuration.py; roadmap/adapters/outbound/persistence/migration.py",""
"CFG-009","config","config.export.directory","YAML dotted key","Preserve","Retain as an explicitly typed user or project setting; bootstrap resolves it once and injects a narrow immutable value.","Phase 9","Maintainer","UR-016; TR-019","roadmap/adapters/outbound/persistence/configuration.py; roadmap/adapters/outbound/persistence/migration.py",""
"CFG-010","config","config.export.format","YAML dotted key","Preserve","Retain as an explicitly typed user or project setting; bootstrap resolves it once and injects a narrow immutable value.","Phase 9","Maintainer","UR-016; TR-019","roadmap/adapters/outbound/persistence/configuration.py; roadmap/adapters/outbound/persistence/migration.py",""
"CFG-011","config","config.export.include_metadata","YAML dotted key","Preserve","Retain as an explicitly typed user or project setting; bootstrap resolves it once and injects a narrow immutable value.","Phase 9","Maintainer","UR-016; TR-019","roadmap/adapters/outbound/persistence/configuration.py; roadmap/adapters/outbound/persistence/migration.py",""
"CFG-012","config","config.git.auto_commit","YAML dotted key","Remove","Absent from Roadmap configuration; Git owns remotes, credentials, transport, and automatic Git policy.","Phase 9","Maintainer","UR-016; TR-019","roadmap/adapters/outbound/persistence/configuration.py; roadmap/adapters/outbound/persistence/migration.py","Move Git behavior and credentials to native Git configuration or credential helpers; no Roadmap sync/provider setting is migrated."
"CFG-013","config","config.git.commit_template","YAML dotted key","Remove","Absent from Roadmap configuration; Git owns remotes, credentials, transport, and automatic Git policy.","Phase 9","Maintainer","UR-016; TR-019","roadmap/adapters/outbound/persistence/configuration.py; roadmap/adapters/outbound/persistence/migration.py","Move Git behavior and credentials to native Git configuration or credential helpers; no Roadmap sync/provider setting is migrated."
"CFG-014","config","config.github.enabled","YAML dotted key","Remove","Absent from Roadmap configuration; Git owns remotes, credentials, transport, and automatic Git policy.","Phase 9","Maintainer","UR-016; TR-019","roadmap/adapters/outbound/persistence/configuration.py; roadmap/adapters/outbound/persistence/migration.py","Move Git behavior and credentials to native Git configuration or credential helpers; no Roadmap sync/provider setting is migrated."
"CFG-015","config","config.github.owner","YAML dotted key","Remove","Absent from Roadmap configuration; Git owns remotes, credentials, transport, and automatic Git policy.","Phase 9","Maintainer","UR-016; TR-019","roadmap/adapters/outbound/persistence/configuration.py; roadmap/adapters/outbound/persistence/migration.py","Move Git behavior and credentials to native Git configuration or credential helpers; no Roadmap sync/provider setting is migrated."
"CFG-016","config","config.github.repo","YAML dotted key","Remove","Absent from Roadmap configuration; Git owns remotes, credentials, transport, and automatic Git policy.","Phase 9","Maintainer","UR-016; TR-019","roadmap/adapters/outbound/persistence/configuration.py; roadmap/adapters/outbound/persistence/migration.py","Move Git behavior and credentials to native Git configuration or credential helpers; no Roadmap sync/provider setting is migrated."
"CFG-017","config","config.github.repository","YAML dotted key","Remove","Absent from Roadmap configuration; Git owns remotes, credentials, transport, and automatic Git policy.","Phase 9","Maintainer","UR-016; TR-019","roadmap/adapters/outbound/persistence/configuration.py; roadmap/adapters/outbound/persistence/migration.py","Move Git behavior and credentials to native Git configuration or credential helpers; no Roadmap sync/provider setting is migrated."
"CFG-018","config","config.github.sync_backend","YAML dotted key","Remove","Absent from Roadmap configuration; Git owns remotes, credentials, transport, and automatic Git policy.","Phase 9","Maintainer","UR-016; TR-019","roadmap/adapters/outbound/persistence/configuration.py; roadmap/adapters/outbound/persistence/migration.py","Move Git behavior and credentials to native Git configuration or credential helpers; no Roadmap sync/provider setting is migrated."
"CFG-019","config","config.github.sync_enabled","YAML dotted key","Remove","Absent from Roadmap configuration; Git owns remotes, credentials, transport, and automatic Git policy.","Phase 9","Maintainer","UR-016; TR-019","roadmap/adapters/outbound/persistence/configuration.py; roadmap/adapters/outbound/persistence/migration.py","Move Git behavior and credentials to native Git configuration or credential helpers; no Roadmap sync/provider setting is migrated."
"CFG-020","config","config.github.sync_settings","YAML dotted key","Remove","Absent from Roadmap configuration; Git owns remotes, credentials, transport, and automatic Git policy.","Phase 9","Maintainer","UR-016; TR-019","roadmap/adapters/outbound/persistence/configuration.py; roadmap/adapters/outbound/persistence/migration.py","Move Git behavior and credentials to native Git configuration or credential helpers; no Roadmap sync/provider setting is migrated."
"CFG-021","config","config.github.webhook_secret","YAML dotted key","Remove","Absent from Roadmap configuration; Git owns remotes, credentials, transport, and automatic Git policy.","Phase 9","Maintainer","UR-016; TR-019","roadmap/adapters/outbound/persistence/configuration.py; roadmap/adapters/outbound/persistence/migration.py","Move Git behavior and credentials to native Git configuration or credential helpers; no Roadmap sync/provider setting is migrated."
"CFG-022","config","config.output.columns","YAML dotted key","Preserve","Retain as an explicitly typed user or project setting; bootstrap resolves it once and injects a narrow immutable value.","Phase 9","Maintainer","UR-016; TR-019","roadmap/adapters/outbound/persistence/configuration.py; roadmap/adapters/outbound/persistence/migration.py",""
"CFG-023","config","config.output.format","YAML dotted key","Preserve","Retain as an explicitly typed user or project setting; bootstrap resolves it once and injects a narrow immutable value.","Phase 9","Maintainer","UR-016; TR-019","roadmap/adapters/outbound/persistence/configuration.py; roadmap/adapters/outbound/persistence/migration.py",""
"CFG-024","config","config.output.sort_by","YAML dotted key","Preserve","Retain as an explicitly typed user or project setting; bootstrap resolves it once and injects a narrow immutable value.","Phase 9","Maintainer","UR-016; TR-019","roadmap/adapters/outbound/persistence/configuration.py; roadmap/adapters/outbound/persistence/migration.py",""
"CFG-025","config","config.paths.db_dir","YAML dotted key","Remove","Use the fixed repository-local .roadmap layout and platform-standard user locations.","Phase 9","Maintainer","UR-016; TR-019","roadmap/adapters/outbound/persistence/configuration.py; roadmap/adapters/outbound/persistence/migration.py","Remove machine-specific path overrides; move canonical data to .roadmap and user preferences to the documented platform location."
"CFG-026","config","config.paths.logs_dir","YAML dotted key","Remove","Use the fixed repository-local .roadmap layout and platform-standard user locations.","Phase 9","Maintainer","UR-016; TR-019","roadmap/adapters/outbound/persistence/configuration.py; roadmap/adapters/outbound/persistence/migration.py","Remove machine-specific path overrides; move canonical data to .roadmap and user preferences to the documented platform location."
"CFG-027","config","config.paths.roadmap_dir","YAML dotted key","Remove","Use the fixed repository-local .roadmap layout and platform-standard user locations.","Phase 9","Maintainer","UR-016; TR-019","roadmap/adapters/outbound/persistence/configuration.py; roadmap/adapters/outbound/persistence/migration.py","Remove machine-specific path overrides; move canonical data to .roadmap and user preferences to the documented platform location."
"CFG-028","config","config.user.email","YAML dotted key","Replace","Map to the typed user-preference schema; never store credentials or machine paths in project configuration.","Phase 9","Maintainer","UR-016; TR-019","roadmap/adapters/outbound/persistence/configuration.py; roadmap/adapters/outbound/persistence/migration.py","Phase 9 migration moves recognized values to their declared user scope."
"CFG-029","config","config.user.name","YAML dotted key","Replace","Map to the typed user-preference schema; never store credentials or machine paths in project configuration.","Phase 9","Maintainer","UR-016; TR-019","roadmap/adapters/outbound/persistence/configuration.py; roadmap/adapters/outbound/persistence/migration.py","Phase 9 migration moves recognized values to their declared user scope."
"CAN-001","legacy-canonical","legacy-canonical.issue.id","0.1.1 model/frontmatter field","Preserve","Retain semantic value and round-trip it through the versioned canonical document.","Phases 4-7","Maintainer","TR-002; TR-020; TR-030","roadmap/domain/aggregates.py",""
"CAN-002","legacy-canonical","legacy-canonical.issue.title","0.1.1 model/frontmatter field","Preserve","Retain semantic value and round-trip it through the versioned canonical document.","Phases 4-7","Maintainer","TR-002; TR-020; TR-030","roadmap/domain/aggregates.py",""
"CAN-003","legacy-canonical","legacy-canonical.issue.headline","0.1.1 model/frontmatter field","Preserve","Retain semantic value and round-trip it through the versioned canonical document.","Phases 4-7","Maintainer","TR-002; TR-020; TR-030","roadmap/domain/aggregates.py",""
"CAN-004","legacy-canonical","legacy-canonical.issue.priority","0.1.1 model/frontmatter field","Preserve","Retain semantic value and round-trip it through the versioned canonical document.","Phases 4-7","Maintainer","TR-002; TR-020; TR-030","roadmap/domain/aggregates.py",""
"CAN-005","legacy-canonical","legacy-canonical.issue.status","0.1.1 model/frontmatter field","Preserve","Retain semantic value and round-trip it through the versioned canonical document.","Phases 4-7","Maintainer","TR-002; TR-020; TR-030","roadmap/domain/aggregates.py",""
"CAN-006","legacy-canonical","legacy-canonical.issue.archived","0.1.1 model/frontmatter field","Preserve","Retain semantic value and round-trip it through the versioned canonical document.","Phases 4-7","Maintainer","TR-002; TR-020; TR-030","roadmap/domain/aggregates.py",""
"CAN-007","legacy-canonical","legacy-canonical.issue.issue_type","0.1.1 model/frontmatter field","Preserve","Retain semantic value and round-trip it through the versioned canonical document.","Phases 4-7","Maintainer","TR-002; TR-020; TR-030","roadmap/domain/aggregates.py",""
"CAN-008","legacy-canonical","legacy-canonical.issue.milestone","0.1.1 model/frontmatter field","Replace","Replace name-based relationship storage with complete stable target IDs.","Phases 4-7","Maintainer","TR-002; TR-020; TR-030","roadmap/domain/aggregates.py","Phase 9 migration preserves user meaning and existing IDs while rewriting the relationship or reference representation."
"CAN-009","legacy-canonical","legacy-canonical.issue.labels","0.1.1 model/frontmatter field","Preserve","Retain semantic value and round-trip it through the versioned canonical document.","Phases 4-7","Maintainer","TR-002; TR-020; TR-030","roadmap/domain/aggregates.py",""
"CAN-010","legacy-canonical","legacy-canonical.issue.remote_ids","0.1.1 model/frontmatter field","Replace","Replace provider-keyed mappings with ordinary optional external references.","Phases 4-7","Maintainer","TR-002; TR-020; TR-030","roadmap/domain/aggregates.py","Phase 9 migration preserves user meaning and existing IDs while rewriting the relationship or reference representation."
"CAN-011","legacy-canonical","legacy-canonical.issue.created","0.1.1 model/frontmatter field","Preserve","Retain semantic value and round-trip it through the versioned canonical document.","Phases 4-7","Maintainer","TR-002; TR-020; TR-030","roadmap/domain/aggregates.py",""
"CAN-012","legacy-canonical","legacy-canonical.issue.updated","0.1.1 model/frontmatter field","Preserve","Retain semantic value and round-trip it through the versioned canonical document.","Phases 4-7","Maintainer","TR-002; TR-020; TR-030","roadmap/domain/aggregates.py",""
"CAN-013","legacy-canonical","legacy-canonical.issue.assignee","0.1.1 model/frontmatter field","Preserve","Retain semantic value and round-trip it through the versioned canonical document.","Phases 4-7","Maintainer","TR-002; TR-020; TR-030","roadmap/domain/aggregates.py",""
"CAN-014","legacy-canonical","legacy-canonical.issue.content","0.1.1 model/frontmatter field","Preserve","Retain semantic value and round-trip it through the versioned canonical document.","Phases 4-7","Maintainer","TR-002; TR-020; TR-030","roadmap/domain/aggregates.py",""
"CAN-015","legacy-canonical","legacy-canonical.issue.estimated_hours","0.1.1 model/frontmatter field","Preserve","Retain semantic value and round-trip it through the versioned canonical document.","Phases 4-7","Maintainer","TR-002; TR-020; TR-030","roadmap/domain/aggregates.py",""
"CAN-016","legacy-canonical","legacy-canonical.issue.due_date","0.1.1 model/frontmatter field","Preserve","Retain semantic value and round-trip it through the versioned canonical document.","Phases 4-7","Maintainer","TR-002; TR-020; TR-030","roadmap/domain/aggregates.py",""
"CAN-017","legacy-canonical","legacy-canonical.issue.depends_on","0.1.1 model/frontmatter field","Preserve","Retain semantic value and round-trip it through the versioned canonical document.","Phases 4-7","Maintainer","TR-002; TR-020; TR-030","roadmap/domain/aggregates.py",""
"CAN-018","legacy-canonical","legacy-canonical.issue.blocks","0.1.1 model/frontmatter field","Preserve","Retain semantic value and round-trip it through the versioned canonical document.","Phases 4-7","Maintainer","TR-002; TR-020; TR-030","roadmap/domain/aggregates.py",""
"CAN-019","legacy-canonical","legacy-canonical.issue.actual_start_date","0.1.1 model/frontmatter field","Preserve","Retain semantic value and round-trip it through the versioned canonical document.","Phases 4-7","Maintainer","TR-002; TR-020; TR-030","roadmap/domain/aggregates.py",""
"CAN-020","legacy-canonical","legacy-canonical.issue.actual_end_date","0.1.1 model/frontmatter field","Preserve","Retain semantic value and round-trip it through the versioned canonical document.","Phases 4-7","Maintainer","TR-002; TR-020; TR-030","roadmap/domain/aggregates.py",""
"CAN-021","legacy-canonical","legacy-canonical.issue.progress_percentage","0.1.1 model/frontmatter field","Preserve","Retain semantic value and round-trip it through the versioned canonical document.","Phases 4-7","Maintainer","TR-002; TR-020; TR-030","roadmap/domain/aggregates.py",""
"CAN-022","legacy-canonical","legacy-canonical.issue.handoff_notes","0.1.1 model/frontmatter field","Preserve","Retain semantic value and round-trip it through the versioned canonical document.","Phases 4-7","Maintainer","TR-002; TR-020; TR-030","roadmap/domain/aggregates.py",""
"CAN-023","legacy-canonical","legacy-canonical.issue.previous_assignee","0.1.1 model/frontmatter field","Preserve","Retain semantic value and round-trip it through the versioned canonical document.","Phases 4-7","Maintainer","TR-002; TR-020; TR-030","roadmap/domain/aggregates.py",""
"CAN-024","legacy-canonical","legacy-canonical.issue.handoff_date","0.1.1 model/frontmatter field","Preserve","Retain semantic value and round-trip it through the versioned canonical document.","Phases 4-7","Maintainer","TR-002; TR-020; TR-030","roadmap/domain/aggregates.py",""
"CAN-025","legacy-canonical","legacy-canonical.issue.git_branches","0.1.1 model/frontmatter field","Preserve","Retain semantic value and round-trip it through the versioned canonical document.","Phases 4-7","Maintainer","TR-002; TR-020; TR-030","roadmap/domain/aggregates.py",""
"CAN-026","legacy-canonical","legacy-canonical.issue.git_commits","0.1.1 model/frontmatter field","Preserve","Retain semantic value and round-trip it through the versioned canonical document.","Phases 4-7","Maintainer","TR-002; TR-020; TR-030","roadmap/domain/aggregates.py",""
"CAN-027","legacy-canonical","legacy-canonical.issue.completed_date","0.1.1 model/frontmatter field","Preserve","Retain semantic value and round-trip it through the versioned canonical document.","Phases 4-7","Maintainer","TR-002; TR-020; TR-030","roadmap/domain/aggregates.py",""
"CAN-028","legacy-canonical","legacy-canonical.issue.comments","0.1.1 model/frontmatter field","Preserve","Retain semantic value and round-trip it through the versioned canonical document.","Phases 4-7","Maintainer","TR-002; TR-020; TR-030","roadmap/domain/aggregates.py",""
"CAN-029","legacy-canonical","legacy-canonical.issue.file_path","0.1.1 model/frontmatter field","Internal","Runtime adapter detail; never a canonical or public field.","Phases 4-7","Maintainer","TR-002; TR-020; TR-030","roadmap/domain/aggregates.py",""
"CAN-030","legacy-canonical","legacy-canonical.issue.github_sync_metadata","0.1.1 model/frontmatter field","Remove","Do not write provider synchronization state to canonical 0.2 documents.","Phases 4-7","Maintainer","TR-002; TR-020; TR-030","roadmap/domain/aggregates.py","Migration discards provider reconciliation metadata after preserving any useful URL or ID as an ordinary external reference."
"CAN-031","legacy-canonical","legacy-canonical.milestone.name","0.1.1 model/frontmatter field","Replace","Introduce a stable opaque milestone ID while retaining the user-facing name.","Phases 4-8","Maintainer","TR-002; TR-020; TR-030","roadmap/domain/aggregates.py","Phase 9 migration preserves user meaning and existing IDs while rewriting the relationship or reference representation."
"CAN-032","legacy-canonical","legacy-canonical.milestone.headline","0.1.1 model/frontmatter field","Preserve","Retain semantic value and round-trip it through the versioned canonical document.","Phases 4-8","Maintainer","TR-002; TR-020; TR-030","roadmap/domain/aggregates.py",""
"CAN-033","legacy-canonical","legacy-canonical.milestone.content","0.1.1 model/frontmatter field","Preserve","Retain semantic value and round-trip it through the versioned canonical document.","Phases 4-8","Maintainer","TR-002; TR-020; TR-030","roadmap/domain/aggregates.py",""
"CAN-034","legacy-canonical","legacy-canonical.milestone.due_date","0.1.1 model/frontmatter field","Preserve","Retain semantic value and round-trip it through the versioned canonical document.","Phases 4-8","Maintainer","TR-002; TR-020; TR-030","roadmap/domain/aggregates.py",""
"CAN-035","legacy-canonical","legacy-canonical.milestone.status","0.1.1 model/frontmatter field","Preserve","Retain semantic value and round-trip it through the versioned canonical document.","Phases 4-8","Maintainer","TR-002; TR-020; TR-030","roadmap/domain/aggregates.py",""
"CAN-036","legacy-canonical","legacy-canonical.milestone.archived","0.1.1 model/frontmatter field","Preserve","Retain semantic value and round-trip it through the versioned canonical document.","Phases 4-8","Maintainer","TR-002; TR-020; TR-030","roadmap/domain/aggregates.py",""
"CAN-037","legacy-canonical","legacy-canonical.milestone.github_milestone","0.1.1 model/frontmatter field","Remove","Do not write provider synchronization state to canonical 0.2 documents.","Phases 4-8","Maintainer","TR-002; TR-020; TR-030","roadmap/domain/aggregates.py","Migration discards provider reconciliation metadata after preserving any useful URL or ID as an ordinary external reference."
"CAN-038","legacy-canonical","legacy-canonical.milestone.created","0.1.1 model/frontmatter field","Preserve","Retain semantic value and round-trip it through the versioned canonical document.","Phases 4-8","Maintainer","TR-002; TR-020; TR-030","roadmap/domain/aggregates.py",""
"CAN-039","legacy-canonical","legacy-canonical.milestone.updated","0.1.1 model/frontmatter field","Preserve","Retain semantic value and round-trip it through the versioned canonical document.","Phases 4-8","Maintainer","TR-002; TR-020; TR-030","roadmap/domain/aggregates.py",""
"CAN-040","legacy-canonical","legacy-canonical.milestone.project_id","0.1.1 model/frontmatter field","Preserve","Retain semantic value and round-trip it through the versioned canonical document.","Phases 4-8","Maintainer","TR-002; TR-020; TR-030","roadmap/domain/aggregates.py",""
"CAN-041","legacy-canonical","legacy-canonical.milestone.calculated_progress","0.1.1 model/frontmatter field","Internal","Derived projection/view value recalculated from canonical entities.","Phases 4-8","Maintainer","TR-002; TR-020; TR-030","roadmap/domain/aggregates.py",""
"CAN-042","legacy-canonical","legacy-canonical.milestone.last_progress_update","0.1.1 model/frontmatter field","Internal","Derived projection/view value recalculated from canonical entities.","Phases 4-8","Maintainer","TR-002; TR-020; TR-030","roadmap/domain/aggregates.py",""
"CAN-043","legacy-canonical","legacy-canonical.milestone.completion_velocity","0.1.1 model/frontmatter field","Internal","Derived projection/view value recalculated from canonical entities.","Phases 4-8","Maintainer","TR-002; TR-020; TR-030","roadmap/domain/aggregates.py",""
"CAN-044","legacy-canonical","legacy-canonical.milestone.risk_level","0.1.1 model/frontmatter field","Internal","Derived projection/view value recalculated from canonical entities.","Phases 4-8","Maintainer","TR-002; TR-020; TR-030","roadmap/domain/aggregates.py",""
"CAN-045","legacy-canonical","legacy-canonical.milestone.actual_start_date","0.1.1 model/frontmatter field","Preserve","Retain semantic value and round-trip it through the versioned canonical document.","Phases 4-8","Maintainer","TR-002; TR-020; TR-030","roadmap/domain/aggregates.py",""
"CAN-046","legacy-canonical","legacy-canonical.milestone.actual_end_date","0.1.1 model/frontmatter field","Preserve","Retain semantic value and round-trip it through the versioned canonical document.","Phases 4-8","Maintainer","TR-002; TR-020; TR-030","roadmap/domain/aggregates.py",""
"CAN-047","legacy-canonical","legacy-canonical.milestone.comments","0.1.1 model/frontmatter field","Preserve","Retain semantic value and round-trip it through the versioned canonical document.","Phases 4-8","Maintainer","TR-002; TR-020; TR-030","roadmap/domain/aggregates.py",""
"CAN-048","legacy-canonical","legacy-canonical.milestone.file_path","0.1.1 model/frontmatter field","Internal","Runtime adapter detail; never a canonical or public field.","Phases 4-8","Maintainer","TR-002; TR-020; TR-030","roadmap/domain/aggregates.py",""
"CAN-049","legacy-canonical","legacy-canonical.project.id","0.1.1 model/frontmatter field","Preserve","Retain semantic value and round-trip it through the versioned canonical document.","Phases 4-8","Maintainer","TR-002; TR-020; TR-030","roadmap/domain/aggregates.py",""
"CAN-050","legacy-canonical","legacy-canonical.project.name","0.1.1 model/frontmatter field","Preserve","Retain semantic value and round-trip it through the versioned canonical document.","Phases 4-8","Maintainer","TR-002; TR-020; TR-030","roadmap/domain/aggregates.py",""
"CAN-051","legacy-canonical","legacy-canonical.project.headline","0.1.1 model/frontmatter field","Preserve","Retain semantic value and round-trip it through the versioned canonical document.","Phases 4-8","Maintainer","TR-002; TR-020; TR-030","roadmap/domain/aggregates.py",""
"CAN-052","legacy-canonical","legacy-canonical.project.content","0.1.1 model/frontmatter field","Preserve","Retain semantic value and round-trip it through the versioned canonical document.","Phases 4-8","Maintainer","TR-002; TR-020; TR-030","roadmap/domain/aggregates.py",""
"CAN-053","legacy-canonical","legacy-canonical.project.status","0.1.1 model/frontmatter field","Preserve","Retain semantic value and round-trip it through the versioned canonical document.","Phases 4-8","Maintainer","TR-002; TR-020; TR-030","roadmap/domain/aggregates.py",""
"CAN-054","legacy-canonical","legacy-canonical.project.priority","0.1.1 model/frontmatter field","Preserve","Retain semantic value and round-trip it through the versioned canonical document.","Phases 4-8","Maintainer","TR-002; TR-020; TR-030","roadmap/domain/aggregates.py",""
"CAN-055","legacy-canonical","legacy-canonical.project.owner","0.1.1 model/frontmatter field","Preserve","Retain semantic value and round-trip it through the versioned canonical document.","Phases 4-8","Maintainer","TR-002; TR-020; TR-030","roadmap/domain/aggregates.py",""
"CAN-056","legacy-canonical","legacy-canonical.project.start_date","0.1.1 model/frontmatter field","Preserve","Retain semantic value and round-trip it through the versioned canonical document.","Phases 4-8","Maintainer","TR-002; TR-020; TR-030","roadmap/domain/aggregates.py",""
"CAN-057","legacy-canonical","legacy-canonical.project.target_end_date","0.1.1 model/frontmatter field","Preserve","Retain semantic value and round-trip it through the versioned canonical document.","Phases 4-8","Maintainer","TR-002; TR-020; TR-030","roadmap/domain/aggregates.py",""
"CAN-058","legacy-canonical","legacy-canonical.project.actual_end_date","0.1.1 model/frontmatter field","Preserve","Retain semantic value and round-trip it through the versioned canonical document.","Phases 4-8","Maintainer","TR-002; TR-020; TR-030","roadmap/domain/aggregates.py",""
"CAN-059","legacy-canonical","legacy-canonical.project.created","0.1.1 model/frontmatter field","Preserve","Retain semantic value and round-trip it through the versioned canonical document.","Phases 4-8","Maintainer","TR-002; TR-020; TR-030","roadmap/domain/aggregates.py",""
"CAN-060","legacy-canonical","legacy-canonical.project.updated","0.1.1 model/frontmatter field","Preserve","Retain semantic value and round-trip it through the versioned canonical document.","Phases 4-8","Maintainer","TR-002; TR-020; TR-030","roadmap/domain/aggregates.py",""
"CAN-061","legacy-canonical","legacy-canonical.project.milestones","0.1.1 model/frontmatter field","Replace","Replace name-based relationship storage with complete stable target IDs.","Phases 4-8","Maintainer","TR-002; TR-020; TR-030","roadmap/domain/aggregates.py","Phase 9 migration preserves user meaning and existing IDs while rewriting the relationship or reference representation."
"CAN-062","legacy-canonical","legacy-canonical.project.estimated_hours","0.1.1 model/frontmatter field","Preserve","Retain semantic value and round-trip it through the versioned canonical document.","Phases 4-8","Maintainer","TR-002; TR-020; TR-030","roadmap/domain/aggregates.py",""
"CAN-063","legacy-canonical","legacy-canonical.project.actual_hours","0.1.1 model/frontmatter field","Preserve","Retain semantic value and round-trip it through the versioned canonical document.","Phases 4-8","Maintainer","TR-002; TR-020; TR-030","roadmap/domain/aggregates.py",""
"CAN-064","legacy-canonical","legacy-canonical.project.repo_url","0.1.1 model/frontmatter field","Preserve","Retain semantic value and round-trip it through the versioned canonical document.","Phases 4-8","Maintainer","TR-002; TR-020; TR-030","roadmap/domain/aggregates.py",""
"CAN-065","legacy-canonical","legacy-canonical.project.calculated_progress","0.1.1 model/frontmatter field","Internal","Derived projection/view value recalculated from canonical entities.","Phases 4-8","Maintainer","TR-002; TR-020; TR-030","roadmap/domain/aggregates.py",""
"CAN-066","legacy-canonical","legacy-canonical.project.last_progress_update","0.1.1 model/frontmatter field","Internal","Derived projection/view value recalculated from canonical entities.","Phases 4-8","Maintainer","TR-002; TR-020; TR-030","roadmap/domain/aggregates.py",""
"CAN-067","legacy-canonical","legacy-canonical.project.projected_end_date","0.1.1 model/frontmatter field","Internal","Derived projection/view value recalculated from canonical entities.","Phases 4-8","Maintainer","TR-002; TR-020; TR-030","roadmap/domain/aggregates.py",""
"CAN-068","legacy-canonical","legacy-canonical.project.schedule_variance","0.1.1 model/frontmatter field","Internal","Derived projection/view value recalculated from canonical entities.","Phases 4-8","Maintainer","TR-002; TR-020; TR-030","roadmap/domain/aggregates.py",""
"CAN-069","legacy-canonical","legacy-canonical.project.completion_velocity","0.1.1 model/frontmatter field","Internal","Derived projection/view value recalculated from canonical entities.","Phases 4-8","Maintainer","TR-002; TR-020; TR-030","roadmap/domain/aggregates.py",""
"CAN-070","legacy-canonical","legacy-canonical.project.risk_level","0.1.1 model/frontmatter field","Internal","Derived projection/view value recalculated from canonical entities.","Phases 4-8","Maintainer","TR-002; TR-020; TR-030","roadmap/domain/aggregates.py",""
"CAN-071","legacy-canonical","legacy-canonical.project.comments","0.1.1 model/frontmatter field","Preserve","Retain semantic value and round-trip it through the versioned canonical document.","Phases 4-8","Maintainer","TR-002; TR-020; TR-030","roadmap/domain/aggregates.py",""
"CAN-072","legacy-canonical","legacy-canonical.project.file_path","0.1.1 model/frontmatter field","Internal","Runtime adapter detail; never a canonical or public field.","Phases 4-8","Maintainer","TR-002; TR-020; TR-030","roadmap/domain/aggregates.py",""
"CAN2-001","canonical","canonical.issue.id","0.2 domain aggregate field","Preserve","Retain the aggregate field and round-trip it through versioned canonical documents.","Phase 12","Maintainer","TR-002; TR-020; TR-030","roadmap/domain/aggregates.py",""
"CAN2-002","canonical","canonical.issue.created","0.2 domain aggregate field","Preserve","Retain the aggregate field and round-trip it through versioned canonical documents.","Phase 12","Maintainer","TR-002; TR-020; TR-030","roadmap/domain/aggregates.py",""
"CAN2-003","canonical","canonical.issue.updated","0.2 domain aggregate field","Preserve","Retain the aggregate field and round-trip it through versioned canonical documents.","Phase 12","Maintainer","TR-002; TR-020; TR-030","roadmap/domain/aggregates.py",""
"CAN2-004","canonical","canonical.issue.retention","0.2 domain aggregate field","Preserve","Retain the aggregate field and round-trip it through versioned canonical documents.","Phase 12","Maintainer","TR-002; TR-020; TR-030","roadmap/domain/aggregates.py",""
"CAN2-005","canonical","canonical.issue.title","0.2 domain aggregate field","Preserve","Retain the aggregate field and round-trip it through versioned canonical documents.","Phase 12","Maintainer","TR-002; TR-020; TR-030","roadmap/domain/aggregates.py",""
"CAN2-006","canonical","canonical.issue.headline","0.2 domain aggregate field","Preserve","Retain the aggregate field and round-trip it through versioned canonical documents.","Phase 12","Maintainer","TR-002; TR-020; TR-030","roadmap/domain/aggregates.py",""
"CAN2-007","canonical","canonical.issue.content","0.2 domain aggregate field","Preserve","Retain the aggregate field and round-trip it through versioned canonical documents.","Phase 12","Maintainer","TR-002; TR-020; TR-030","roadmap/domain/aggregates.py",""
"CAN2-008","canonical","canonical.issue.priority","0.2 domain aggregate field","Preserve","Retain the aggregate field and round-trip it through versioned canonical documents.","Phase 12","Maintainer","TR-002; TR-020; TR-030","roadmap/domain/aggregates.py",""
"CAN2-009","canonical","canonical.issue.status","0.2 domain aggregate field","Preserve","Retain the aggregate field and round-trip it through versioned canonical documents.","Phase 12","Maintainer","TR-002; TR-020; TR-030","roadmap/domain/aggregates.py",""
"CAN2-010","canonical","canonical.issue.issue_type","0.2 domain aggregate field","Preserve","Retain the aggregate field and round-trip it through versioned canonical documents.","Phase 12","Maintainer","TR-002; TR-020; TR-030","roadmap/domain/aggregates.py",""
"CAN2-011","canonical","canonical.issue.relations","0.2 domain aggregate field","Preserve","Retain the aggregate field and round-trip it through versioned canonical documents.","Phase 12","Maintainer","TR-002; TR-020; TR-030","roadmap/domain/aggregates.py",""
"CAN2-012","canonical","canonical.issue.labels","0.2 domain aggregate field","Preserve","Retain the aggregate field and round-trip it through versioned canonical documents.","Phase 12","Maintainer","TR-002; TR-020; TR-030","roadmap/domain/aggregates.py",""
"CAN2-013","canonical","canonical.issue.assignee","0.2 domain aggregate field","Preserve","Retain the aggregate field and round-trip it through versioned canonical documents.","Phase 12","Maintainer","TR-002; TR-020; TR-030","roadmap/domain/aggregates.py",""
"CAN2-014","canonical","canonical.issue.estimated_hours","0.2 domain aggregate field","Preserve","Retain the aggregate field and round-trip it through versioned canonical documents.","Phase 12","Maintainer","TR-002; TR-020; TR-030","roadmap/domain/aggregates.py",""
"CAN2-015","canonical","canonical.issue.due_at","0.2 domain aggregate field","Preserve","Retain the aggregate field and round-trip it through versioned canonical documents.","Phase 12","Maintainer","TR-002; TR-020; TR-030","roadmap/domain/aggregates.py",""
"CAN2-016","canonical","canonical.issue.progress_percentage","0.2 domain aggregate field","Preserve","Retain the aggregate field and round-trip it through versioned canonical documents.","Phase 12","Maintainer","TR-002; TR-020; TR-030","roadmap/domain/aggregates.py",""
"CAN2-017","canonical","canonical.issue.actual_start_at","0.2 domain aggregate field","Preserve","Retain the aggregate field and round-trip it through versioned canonical documents.","Phase 12","Maintainer","TR-002; TR-020; TR-030","roadmap/domain/aggregates.py",""
"CAN2-018","canonical","canonical.issue.actual_end_at","0.2 domain aggregate field","Preserve","Retain the aggregate field and round-trip it through versioned canonical documents.","Phase 12","Maintainer","TR-002; TR-020; TR-030","roadmap/domain/aggregates.py",""
"CAN2-019","canonical","canonical.issue.git_branches","0.2 domain aggregate field","Preserve","Retain the aggregate field and round-trip it through versioned canonical documents.","Phase 12","Maintainer","TR-002; TR-020; TR-030","roadmap/domain/aggregates.py",""
"CAN2-020","canonical","canonical.issue.comments","0.2 domain aggregate field","Preserve","Retain the aggregate field and round-trip it through versioned canonical documents.","Phase 12","Maintainer","TR-002; TR-020; TR-030","roadmap/domain/aggregates.py",""
"CAN2-021","canonical","canonical.issue.history","0.2 domain aggregate field","Preserve","Retain the aggregate field and round-trip it through versioned canonical documents.","Phase 12","Maintainer","TR-002; TR-020; TR-030","roadmap/domain/aggregates.py",""
"CAN2-022","canonical","canonical.milestone.id","0.2 domain aggregate field","Preserve","Retain the aggregate field and round-trip it through versioned canonical documents.","Phase 12","Maintainer","TR-002; TR-020; TR-030","roadmap/domain/aggregates.py",""
"CAN2-023","canonical","canonical.milestone.created","0.2 domain aggregate field","Preserve","Retain the aggregate field and round-trip it through versioned canonical documents.","Phase 12","Maintainer","TR-002; TR-020; TR-030","roadmap/domain/aggregates.py",""
"CAN2-024","canonical","canonical.milestone.updated","0.2 domain aggregate field","Preserve","Retain the aggregate field and round-trip it through versioned canonical documents.","Phase 12","Maintainer","TR-002; TR-020; TR-030","roadmap/domain/aggregates.py",""
"CAN2-025","canonical","canonical.milestone.retention","0.2 domain aggregate field","Preserve","Retain the aggregate field and round-trip it through versioned canonical documents.","Phase 12","Maintainer","TR-002; TR-020; TR-030","roadmap/domain/aggregates.py",""
"CAN2-026","canonical","canonical.milestone.name","0.2 domain aggregate field","Preserve","Retain the aggregate field and round-trip it through versioned canonical documents.","Phase 12","Maintainer","TR-002; TR-020; TR-030","roadmap/domain/aggregates.py",""
"CAN2-027","canonical","canonical.milestone.headline","0.2 domain aggregate field","Preserve","Retain the aggregate field and round-trip it through versioned canonical documents.","Phase 12","Maintainer","TR-002; TR-020; TR-030","roadmap/domain/aggregates.py",""
"CAN2-028","canonical","canonical.milestone.content","0.2 domain aggregate field","Preserve","Retain the aggregate field and round-trip it through versioned canonical documents.","Phase 12","Maintainer","TR-002; TR-020; TR-030","roadmap/domain/aggregates.py",""
"CAN2-029","canonical","canonical.milestone.status","0.2 domain aggregate field","Preserve","Retain the aggregate field and round-trip it through versioned canonical documents.","Phase 12","Maintainer","TR-002; TR-020; TR-030","roadmap/domain/aggregates.py",""
"CAN2-030","canonical","canonical.milestone.relation","0.2 domain aggregate field","Preserve","Retain the aggregate field and round-trip it through versioned canonical documents.","Phase 12","Maintainer","TR-002; TR-020; TR-030","roadmap/domain/aggregates.py",""
"CAN2-031","canonical","canonical.milestone.due_at","0.2 domain aggregate field","Preserve","Retain the aggregate field and round-trip it through versioned canonical documents.","Phase 12","Maintainer","TR-002; TR-020; TR-030","roadmap/domain/aggregates.py",""
"CAN2-032","canonical","canonical.project.id","0.2 domain aggregate field","Preserve","Retain the aggregate field and round-trip it through versioned canonical documents.","Phase 12","Maintainer","TR-002; TR-020; TR-030","roadmap/domain/aggregates.py",""
"CAN2-033","canonical","canonical.project.created","0.2 domain aggregate field","Preserve","Retain the aggregate field and round-trip it through versioned canonical documents.","Phase 12","Maintainer","TR-002; TR-020; TR-030","roadmap/domain/aggregates.py",""
"CAN2-034","canonical","canonical.project.updated","0.2 domain aggregate field","Preserve","Retain the aggregate field and round-trip it through versioned canonical documents.","Phase 12","Maintainer","TR-002; TR-020; TR-030","roadmap/domain/aggregates.py",""
"CAN2-035","canonical","canonical.project.retention","0.2 domain aggregate field","Preserve","Retain the aggregate field and round-trip it through versioned canonical documents.","Phase 12","Maintainer","TR-002; TR-020; TR-030","roadmap/domain/aggregates.py",""
"CAN2-036","canonical","canonical.project.name","0.2 domain aggregate field","Preserve","Retain the aggregate field and round-trip it through versioned canonical documents.","Phase 12","Maintainer","TR-002; TR-020; TR-030","roadmap/domain/aggregates.py",""
"CAN2-037","canonical","canonical.project.headline","0.2 domain aggregate field","Preserve","Retain the aggregate field and round-trip it through versioned canonical documents.","Phase 12","Maintainer","TR-002; TR-020; TR-030","roadmap/domain/aggregates.py",""
"CAN2-038","canonical","canonical.project.content","0.2 domain aggregate field","Preserve","Retain the aggregate field and round-trip it through versioned canonical documents.","Phase 12","Maintainer","TR-002; TR-020; TR-030","roadmap/domain/aggregates.py",""
"CAN2-039","canonical","canonical.project.status","0.2 domain aggregate field","Preserve","Retain the aggregate field and round-trip it through versioned canonical documents.","Phase 12","Maintainer","TR-002; TR-020; TR-030","roadmap/domain/aggregates.py",""
"CAN2-040","canonical","canonical.project.priority","0.2 domain aggregate field","Preserve","Retain the aggregate field and round-trip it through versioned canonical documents.","Phase 12","Maintainer","TR-002; TR-020; TR-030","roadmap/domain/aggregates.py",""
"CAN2-041","canonical","canonical.project.relations","0.2 domain aggregate field","Preserve","Retain the aggregate field and round-trip it through versioned canonical documents.","Phase 12","Maintainer","TR-002; TR-020; TR-030","roadmap/domain/aggregates.py",""
"CAN2-042","canonical","canonical.project.owner","0.2 domain aggregate field","Preserve","Retain the aggregate field and round-trip it through versioned canonical documents.","Phase 12","Maintainer","TR-002; TR-020; TR-030","roadmap/domain/aggregates.py",""
"CAN2-043","canonical","canonical.project.estimated_hours","0.2 domain aggregate field","Preserve","Retain the aggregate field and round-trip it through versioned canonical documents.","Phase 12","Maintainer","TR-002; TR-020; TR-030","roadmap/domain/aggregates.py",""
"CAN2-044","canonical","canonical.project.start_at","0.2 domain aggregate field","Preserve","Retain the aggregate field and round-trip it through versioned canonical documents.","Phase 12","Maintainer","TR-002; TR-020; TR-030","roadmap/domain/aggregates.py",""
"CAN2-045","canonical","canonical.project.target_end_at","0.2 domain aggregate field","Preserve","Retain the aggregate field and round-trip it through versioned canonical documents.","Phase 12","Maintainer","TR-002; TR-020; TR-030","roadmap/domain/aggregates.py",""
"CAN2-046","canonical","canonical.project.actual_end_at","0.2 domain aggregate field","Preserve","Retain the aggregate field and round-trip it through versioned canonical documents.","Phase 12","Maintainer","TR-002; TR-020; TR-030","roadmap/domain/aggregates.py",""
"CAN2-047","canonical","canonical.project.actual_hours","0.2 domain aggregate field","Preserve","Retain the aggregate field and round-trip it through versioned canonical documents.","Phase 12","Maintainer","TR-002; TR-020; TR-030","roadmap/domain/aggregates.py",""
"CAN2-048","canonical","canonical.project.repository_url","0.2 domain aggregate field","Preserve","Retain the aggregate field and round-trip it through versioned canonical documents.","Phase 12","Maintainer","TR-002; TR-020; TR-030","roadmap/domain/aggregates.py",""
"OUT-001","output","output.tabledata.json-envelope","title;columns;rows;metadata","Preserve","JSON table output retains this envelope and column metadata; schema changes require versioning.","Phase 10","Maintainer","UR-008; UR-040; TR-013","roadmap/adapters/inbound/cli/models/output_models.py; roadmap/adapters/inbound/cli/output_formatter.py",""
"OUT-002","output","output.issue-list.columns","id;title;priority;status;progress;assignee;estimate;milestone","Preserve","Retain deterministic names, order, filtering, selection, and equivalent JSON/CSV values.","Phases 6 and 10","Maintainer","UR-018; UR-040; TR-013","roadmap/adapters/inbound/cli/issues/list.py",""
"OUT-003","output","output.milestone-list.columns","name;description;status;due_date;progress;estimate","Replace","Use stable milestone ID plus retained planning columns in versioned JSON/CSV schemas.","Phases 8 and 10","Maintainer","UR-027; UR-040; TR-013","roadmap/adapters/inbound/cli/milestones/list.py","Phase 9 migration introduces the stable milestone ID; consumers must select by documented column name."
"OUT-004","output","output.project-list.columns","id;name;status;priority;owner","Preserve","Retain deterministic names, order, filtering, selection, and equivalent JSON/CSV values.","Phases 8 and 10","Maintainer","UR-025; UR-040; TR-013","roadmap/adapters/inbound/cli/projects/list.py",""
"OUT-005","output","output.list.formats","rich;plain;json;csv;markdown","Preserve","Retain supported list/status formats; JSON and CSV are stable machine contracts while Rich/plain/Markdown preserve meaning, not styling.","Phase 10","Maintainer","UR-008; UR-040; TR-013","roadmap/adapters/inbound/cli/decorators.py",""
"OUT-006","output","output.issue-comment.formats","text;json","Preserve","Retain issue comment list text and JSON with stable comment identity, author, body, target, timestamps, and reply relation.","Phases 7 and 10","Maintainer","UR-022; TR-023","roadmap/adapters/inbound/cli/issues/comment.py",""
"OUT-007","output","output.health.formats","plain;json","Replace","Publish one versioned diagnostic schema with severity, scope, finding ID, message, and safe-action metadata.","Phase 10","Maintainer","UR-042; UR-043; TR-013; TR-033","roadmap/adapters/inbound/cli/health/commands.py","Phase 10 maps current health JSON into the documented diagnostic schema."
"OUT-008","output","output.data-export.formats","json;csv;markdown","Replace","Export canonical issue data through a versioned schema excluding internal paths, caches, credentials, and provider sync metadata.","Phase 10","Maintainer","UR-041; TR-032","roadmap/adapters/inbound/cli/data/commands.py","Consumers move to the documented 0.2 export schema; a schema/version marker identifies the contract."
"OUT-009","output","output.critical-path.formats","json;csv","Preserve","Retain deterministic critical-path JSON/CSV exports for the retained dependency graph.","Phase 10","Maintainer","UR-021; TR-013","roadmap/adapters/inbound/cli/analysis/commands.py",""
"EXIT-001","exit","exit.success","0","Preserve","Return 0 only when the requested operation or non-mutating empty result completes successfully.","Phase 3","Maintainer","UR-012; TR-004; TR-017","docs/architecture/adr/0006-validation-and-error-ownership.md",""
"EXIT-002","exit","exit.application-failure","inconsistent 0/1","Replace","Return 1 for validated user/data/operational failures after emitting actionable diagnostics.","Phase 3","Maintainer","UR-012; TR-004; TR-017","docs/architecture/adr/0006-validation-and-error-ownership.md","Scripts must stop treating failure prose with exit 0 as success."
"EXIT-003","exit","exit.usage-error","2","Preserve","Return Click-compatible usage status 2 for invalid command syntax or options.","Phase 3","Maintainer","UR-012; TR-004; TR-017","roadmap/adapters/inbound/cli/__init__.py",""
"STORE-001","storage","storage.issue.path","mutable status/milestone/title directories","Replace","Use flat .roadmap/issues/<complete-id>.md paths independent of mutable state.","Phase 5","Maintainer","UR-002; TR-030","docs/architecture/adr/0010-stable-id-based-canonical-paths.md","Phase 9 performs an idempotent layout migration with collision preflight and rollback evidence."
"STORE-002","storage","storage.milestone.path","name-based path","Replace","Use flat .roadmap/milestones/<complete-id>.md paths with name stored as content.","Phase 5","Maintainer","UR-003; TR-030","docs/architecture/adr/0010-stable-id-based-canonical-paths.md","Phase 9 introduces stable milestone IDs and migrates name-based references."
"STORE-003","storage","storage.project.path","short-id plus title path","Replace","Use flat .roadmap/projects/<complete-id>.md paths independent of title.","Phase 5","Maintainer","UR-003; TR-030","docs/architecture/adr/0010-stable-id-based-canonical-paths.md","Phase 9 preserves existing project IDs while normalizing the path."
"STORE-004","storage","storage.archive-layout","physical archive directories","Replace","Represent retention with canonical lifecycle metadata; do not move canonical files on archive/restore.","Phase 7","Maintainer","UR-002; UR-028; TR-021; TR-030","docs/architecture/adr/0008-lifecycle-independent-of-storage.md","Phase 9 moves archived legacy files to stable canonical paths and preserves archived state."
"STORE-005","storage","storage.sqlite-schema","tracked/local SQLite tables","Internal","SQLite remains disposable derived state with no public table or file-layout compatibility promise.","Phase 5","Maintainer","UR-037; TR-002; TR-029","docs/architecture/adr/0003-canonical-files-and-rebuildable-projections.md",""
"GIT-001","git","git.ordinary-collaboration","fetch;pull;merge-or-rebase;push performed by user","Preserve","Git remains the only repository synchronization and transport mechanism.","Phases 10-11","Maintainer","UR-007; UR-035; UR-036; TR-028","docs/architecture/adr/0002-git-owned-synchronization.md",""
"GIT-002","git","git.local-inspection","branch;worktree status;commit metadata","Preserve","Retain only narrow offline repository inspection required by explicit user journeys.","Phase 10","Maintainer","UR-029; UR-034; UR-039; TR-025","docs/architecture/adr/0002-git-owned-synchronization.md",""
"GIT-003","git","git.explicit-issue-branch","user-invoked branch creation/linking","Preserve","Retain explicit branch creation and ordinary canonical branch/commit references without hidden network operations.","Phase 10","Maintainer","UR-023; UR-032; TR-025","roadmap/adapters/inbound/cli/git/commands.py",""
"GIT-004","git","git.automatic-mutation","Roadmap-installed hooks and commit-message state changes","Remove","No Roadmap-owned automatic Git mutation in 0.2; the capability is deferred post-0.2.","Phase 11","Maintainer","UR-006; UR-030; UR-031; TR-026; TR-027","docs/architecture/roadmap-0.2.md","Use explicit Roadmap commands or user-owned scripts/hooks; no automatic status transition is migrated."
"GIT-005","git","git.provider-sync","GitHub/provider replication;baselines;reconciliation;credentials","Remove","No provider reconciliation subsystem or Roadmap remote credentials.","Phase 11","Maintainer","UR-007; UR-033; TR-028","docs/architecture/adr/0002-git-owned-synchronization.md","Use ordinary Git collaboration. Preserve useful external URLs/IDs only as ordinary references."
"MIG-001","migration","migration.v0.1.1-canonical","project;milestone;visible/closed/archived issues;dependency;comment;external IDs;Markdown","Preserve","Migrate 0.1.1 canonical meaning idempotently while preserving IDs, content, relations, and lifecycle state.","Phase 9","Maintainer","UR-048; TR-035","tests/fixtures/compatibility/v0_1_1",""
"MIG-002","migration","migration.sqlite-projection","projection.sql and rebuild","Internal","Discard or rebuild derived SQLite state; never use it as migration authority.","Phases 5 and 9","Maintainer","UR-037; UR-045; TR-029; TR-035","tests/fixtures/compatibility/v0_1_1/projection.sql",""
"REQ-001","requirements","requirements.csv-registers","governance CSV artifacts","Preserve","Keep user and technical requirement CSVs as governance/planning artifacts for 0.2.","Phase 1","Maintainer","TR-015","docs/requirements",""
"REQ-002","requirements","requirements.application-entities","first-class requirement CRUD/traceability feature","Remove","Not part of the 0.2 application; reconsider as a post-0.2 product slice.","Post-0.2","Maintainer","UR-049; UR-050; UR-051; UR-052; UR-053; UR-054; UR-055; UR-056; UR-057; UR-059","docs/requirements/REQUIREMENTS_AS_ARTIFACTS.md","Continue managing requirements in the checked-in CSV registers; no application migration occurs in 0.2."
